LEGAL_NAME,PROVTEL,PROVURL,PUBUKPRN,UKPRN,SUURL,PROVADDRESS,FIRST_TRADING_NAME,OTHER_NAMES
Abingdon and Witney College,01235 555585,www.abingdon-witney.ac.uk,10000055,10004930,https://www.brookesunion.org.uk/,"Wootton Road, Abingdon, Oxfordshire, OX14 1GG",,
Access Further Education Limited,0330 123 3155,www.accesstomusic.co.uk,10000080,10004797,http://www.trentstudents.org,"Heath Mill Studios, 68 Heath Mill Lane, Birmingham, B9 4AR",,
Health Sciences University,01202 436200,www.aecc.ac.uk,10000163,10000163,https://www.hsu.ac.uk/student-life/students-union/,"13-15, Parkwood Road, Bournemouth, BH5 2DF",,
All Nations Christian College Limited,01920 443500,www.allnations.ac.uk,10000216,10000216,https://www.allnations.ac.uk/community-life/student-representation,"Easneye, Ware, Hertfordshire, SG12 8LX",All Nations Christian College,
Anglia Ruskin University Higher Education Corporation,01245 493131,www.anglia.ac.uk,10000291,10000291,https://www.angliastudent.com,"Bishop Hall Lane, Chelmsford, CM1 1SQ",,
Arts Educational Schools(The),020 8987 6600,https://artsed.co.uk,10000381,10000381,https://artsed.co.uk/students/student-union/,"Cone Ripman House, 14 Bath Road, Chiswick , London, W4 1LY",Arts Educational Schools,
"Arts University Bournemouth, the",01202 533011,www.aub.ac.uk,10000385,10000385,http://www.aubsu.co.uk/,"7, Fern Barrow, Poole, Dorset, BH12 5HH",The Arts University Bournemouth,
Askham Bryan College,01904 772277,www.askham-bryan.ac.uk,10000415,10000415,https://www.askham-bryan.ac.uk/student-life-ucab/,"Askham Bryan, York, YO23 3FR",,
Barking and Dagenham College,020 8090 3020,www.barkingdagenhamcollege.ac.uk,10000528,10007146,,"Dagenham Road, Romford, RM7 0XU",,
Barnet & Southgate College,020 8200 8300,www.barnetsouthgate.ac.uk,10000533,10000533,https://www.barnetsouthgate.ac.uk/higher-education-courses,"Wood Street, Barnet, Hertfordshire, EN5 4AZ",,
Barnsley College,01226 216816,www.barnsley.ac.uk,10000536,10000536,https://www.barnsley.ac.uk/student-life/student-union/,"Church Street, Barnsley, S70 2AX",,
Basingstoke College of Technology,01256 354141,www.bcot.ac.uk,10000560,10007802,https://readingsu.co.uk/,"Worting Road, Basingstoke, Hampshire, RG21 8TN",,
Bath Spa University,01225 875875,www.bathspa.ac.uk,10000571,10000571,http://www.bathspasu.co.uk/,"Newton Park, Newton St. Loe, Bath, BA2 9BN",,
Bedford College,01234 291000,www.bedford.ac.uk,10000610,10000610,https://bedfordcollegegroup.ac.uk/,"Cauldwell Street, Bedford, MK42 9AH",,
University College Birmingham,01216 041000,www.ucb.ac.uk,10000712,10000712,https://www.ucbguild.co.uk/,"Summer Row, Birmingham, B3 1JB",,
Bishop Auckland College,01388 443000,www.bacoll.ac.uk,10000720,10000720,https://bacoll.ac.uk/HE,"Woodhouse Lane, Bishop Auckland, County Durham, DL14 6JZ",,
Bishop Burton College,01964 553000,www.bishopburton.ac.uk,10000721,10000721,https://www.bishopburton.ac.uk/student-life/student-association,"York Road, Bishop Burton, Beverley, HU17 8QG",,
Blackburn College,01254 292929,www.blackburn.ac.uk,10000747,10000747,https://blackburn.ac.uk/study/university-centre-blackburn-college/life-at-university,"Feilden Street, Blackburn, BB2 1LH",,
Blackpool and the Fylde College,01253 352352,www.blackpool.ac.uk,10000754,10000754,https://www.studentsunionblackpool.co.uk/,"Ashfield Road, Blackpool, FY2 0HB",,
Bolton College,01204 482000,www.boltoncollege.ac.uk,10000794,10006841,http://www.boltonsu.com/,"Deane Road Campus, Deane Road, Bolton, BL3 5BG",,
Boston College,01205 365701,www.boston.ac.uk,10000812,10000812,http://www.boston.ac.uk/students/Pages/Experience-College.aspx,"Skirbeck Road, Boston, Lincolnshire, PE21 6JF",,
"Bournemouth and Poole College, the",01202 205205,www.thecollege.co.uk,10000820,10000385,http://www.aubsu.co.uk/,"North Road, Poole, Dorset, BH14 0LS",The Bournemouth and Poole College,
"Bournemouth and Poole College, the",01202 205205,www.thecollege.co.uk,10000820,10000820,https://www.thecollege.co.uk/student-life/students-union,"North Road, Poole, Dorset, BH14 0LS",The Bournemouth and Poole College,
Bournemouth University,01202 524111,www.bournemouth.ac.uk,10000824,10000824,http://www.subu.org.uk/,"Poole House, Talbot Campus, Fern Barrow, Poole, Dorset, BH12 5BB",,
Bradford College,01274 433333,www.bradfordcollege.ac.uk,10000840,10000840,https://www.bradfordcollege.ac.uk/support/students/students-union/,"Bradford Campus, Great Horton Road, Bradford, West Yorkshire, BD7 1AY",,
Bridgwater and Taunton College,01278 455464,www.bridgwater.ac.uk,10000878,10000878,http://www.bridgwater.ac.uk/collegeinformation.php?category=84&page=85,"Bath Road, Bridgwater, Somerset, TA6 4PZ",,
University of Brighton,01273 600900,www.brighton.ac.uk,10000886,10000886,http://www.brightonsu.com/,"Mithras House, Lewes Road, Brighton, BN2 4AT",,
Bristol Baptist College,0117 946 7050,www.bristol-baptist.ac.uk,10000894,10000894,https://www.nus.org.uk/,"Duncan House, The Promenade Clifton Down, Bristol, BS8 3NJ",,
University College of Osteopathy (The),020 7089 5326,www.uco.ac.uk,10000936,10000936,https://www.uco.ac.uk/life-uco/student-life/students-union,"University College Of Osteopathy, Avon House 275-287, Borough High Street, London, SE1 1JE",,
Brockenhurst College,01590 625555,www.brock.ac.uk,10000944,10000944,https://www.brock.ac.uk/sixth-form/social-hub-page/,"Lyndhurst Road, Brockenhurst, Hampshire, SO42 7ZE",,
London South East Colleges,020 8295 7000,www.lsec.ac.uk,10000948,10000948,https://www.lsec.ac.uk/your-college/extra-curricular/students-union,"Rookery Lane, Bromley, BR2 8HE",,
London South East Colleges,020 8295 7000,www.lsec.ac.uk,10000948,10001143,https://ccsu.co.uk/,"Rookery Lane, Bromley, BR2 8HE",,
London South East Colleges,020 8295 7000,www.lsec.ac.uk,10000948,10007146,,"Rookery Lane, Bromley, BR2 8HE",,
The Smb Group,01530 836136,www.smbgroup.ac.uk,10000952,10000952,https://he.brooksbymelton.ac.uk/student-experience/student-services/,"Stephenson College Campus  , Thornborough Road, Coalville, LE67 3TN",,
Brunel University London,01895 265189,www.brunel.ac.uk,10000961,10000961,https://brunelstudents.com/,"Kingston Lane, Uxbridge, Middlesex, UB8 3PH",,
Buckinghamshire New University,01494 522141,www.bucks.ac.uk,10000975,10000975,http://www.bucksstudentsunion.org/,"High Wycombe Campus, Queen Alexandra Road, High Wycombe, Buckinghamshire, HP11 2JZ",,
Burnley College,01282 733373,www.burnley.ac.uk,10001000,10001000,http://www.burnley.ac.uk/uclan/Student-Union,"Princess Way, Burnley, Lancashire, BB12 0AN",,
Burton and South Derbyshire College,01283 494400,www.bsdc.ac.uk,10001004,10001004,https://www.bsdc.ac.uk/student-life,"Lichfield Street, Burton-On-Trent, Staffordshire, DE14 3RL",,
Burton and South Derbyshire College,01283 494400,www.bsdc.ac.uk,10001004,10006299,https://www.staffsunion.com/,"Lichfield Street, Burton-On-Trent, Staffordshire, DE14 3RL",,
Bury College,0161 280 8280,www.burycollege.ac.uk,10001005,10001005,https://burycollege.ac.uk/university-centre/student-experience,"Woodbury Centre, Market Street, Bury, Lancashire, BL9 0BG",,
Calderdale College,01422 418430,www.calderdale.ac.uk,10001093,10001093,https://www.calderdale.ac.uk/student-life/students-union/,"Francis Street, Halifax, West Yorkshire, HX1 3UZ",,
Canterbury Christ Church University,01227 767700,www.canterbury.ac.uk,10001143,10001143,https://ccsu.co.uk/,"North Holmes Road, Canterbury, Kent, CT1 1QU",,
Capel Manor College,0303 003 1234,www.capel.ac.uk,10001148,10005545,https://www.rau.ac.uk/student-life/social/students-union,"Bullsmoor Lane, Enfield, Middlesex, EN1 4RQ",,
Cardinal Newman College,01772 460181,www.cardinalnewman.ac.uk,10001165,10001165,https://www.cardinalnewman.ac.uk/university-courses/all-he-courses-1,"Larkhill Road, Preston, PR1 4HD",,
Central School of Ballet Charitable Trust Limited(The),020 7837 6332,www.centralschoolofballet.co.uk,10001264,10001264,http://www.nus.org.uk,"The Countess Of Wessex Studios, 21/22 Hatfields, Paris Garden, London, SE1 8DJ",,
University of Northumbria at Newcastle,01912 326002,www.northumbria.ac.uk,10001282,10001282,https://www.mynsu.co.uk/,"Ellison Building, Ellison Place, Newcastle Upon Tyne, NE1 8ST",,
Chesterfield College,01246 500500,www.chesterfield.ac.uk,10001378,10001378,https://www.chesterfield.ac.uk/knowledge-base/student-union/,"Infirmary Road, Chesterfield, Derbyshire, S41 7NG",,
The Chicken Shed theatre Trust,020 8351 6161,www.chickenshed.org.uk,10001386,10001386,http://www.chickenshed.org.uk,"290, Chase Side, London, N14 4PE",Chicken Shed Theatre Company,
National Centre for Circus Arts,020 7613 8203,nationalcircus.org.uk ,10001444,10001444,http://www.nus.org.uk,"Coronet Street, London, N1 6HD",,
Bath College,01225 312191,www.bathcollege.ac.uk,10001465,10001465,https://www.bathcollege.ac.uk/su,"Avon Street, Bath, BA1 1UP",,
City of Bristol College,01173 125000,www.cityofbristol.ac.uk,10001467,10001467,https://cobcsu.unioncloud.org/,"St. Georges Road, Bristol, BS1 5UA",,
City of Sunderland College,0191 511 6000,www.sunderlandcollege.ac.uk/,10001475,10001475,https://sunderlandcollege.ac.uk/experience/expert-friendly-support/student-union/,"Bede Centre, Durham Road, Sunderland, SR3 4AH",,
"City St George's, University of London",020 7040 5060,www.city.ac.uk,10001478,10001478,https://www.csgsu.co.uk/,"Northampton Square, London, EC1V 0HB",,
The Northern School of Art,1429422000,http://northernart.ac.uk,10001503,10001503,https://northernart.ac.uk/study-with-us/hartlepool-campus/supporting-you/students-union/,"Church Street, Hartlepool, TS24 7DR",,
Colchester Institute,01206 712000,www.colchester.ac.uk,10001535,10001535,http://www.colchester.ac.uk/students/students-union/,"Sheepen Road, Colchester, CO3 3LL",,
The College of Integrated Chinese Medicine,0118 950 8880,www.acupuncturecollege.org.uk,10001546,10001546,http://www.acupuncturecollege.org.uk/,"19-21, Castle Street, Reading, RG1 7SB",College of Integrated Chinese Medicine,
Cornwall College,03301 232523,www.cornwall.ac.uk,10001696,10001696,https://www.cornwall.ac.uk/students-union/,"John Keay House, Tregonissey Road, St. Austell, Cornwall, PL25 4DJ",,
Coventry University,024 7688 7688,www.coventry.ac.uk,10001726,10001726,https://www.yoursu.org/location/,"Priory Street, Coventry, CV1 5FB",,
Craven College,01756 791411,www.craven-college.ac.uk,10001743,10001743,https://www.craven-college.ac.uk/student-life/,"Aireville Campus, Gargrave Road, Skipton, North Yorkshire, BD23 1US",,
Croydon College,020 8686 5700,www.croydon.ac.uk,10001778,10001778,https://croydonuniversitycentre.ac.uk/student-life/,"Fairfield, College Road, Croydon, CR9 1DX",,
Darlington College,01325 503030,www.darlington.ac.uk,10001850,10007161,http://www.tees-su.org.uk/,"Central Park, Haughton Road, Darlington, County Durham, DL1 1DR",,
De Montfort University,0116 207 8456,www.dmu.ac.uk,10001883,10001883,https://www.demontfortsu.com/,"The Gateway, Leicester, LE1 9BH",,
Dcg,0300 123 7890,www.derby-college.ac.uk,10001919,10001919,http://www.dcsu.co.uk/,"Roundhouse Road, Pride Park, Derby, DE24 8JE",Derby College Group,
Doreen Bird College of Performing Arts Ltd.,020 8300 6004,www.birdcollege.co.uk,10002011,10007146,,"27, Station Road, Sidcup, Kent, DA15 7EB",,
Drama Studio London Limited,020 8579 3897,www.dramastudiolondon.co.uk,10002029,10006566,http://www.uwlsu.com,"1, Grange Road, London, W5 5QN",,
"Ealing, Hammersmith & West London College",0208 231 6132,www.wlc.ac.uk,10002094,10002094,https://www.wlc.ac.uk/student-life/student-union,"Gliddon Road, London, W14 9BL",West London College,
The Windsor Forest Colleges Group,01753 793000,,10002107,10002107,https://www.windsor-forest.ac.uk/,"Station Road, Langley, Berkshire, SL3 8BY",,
The Windsor Forest Colleges Group,01753 793000,,10002107,10007802,https://readingsu.co.uk/,"Station Road, Langley, Berkshire, SL3 8BY",,
East Durham College,01915 182000,www.eastdurham.ac.uk,10002111,10007159,http://www.sunderlandsu.co.uk/,"Peterlee Campus, Willerby Grove, Peterlee, SR8 2RN",,
East Surrey College,01737 772611,www.esc.ac.uk,10002130,10002130,https://www.esc.ac.uk/about-esc/student-union,"Gatton Point, London Road, Redhill, Surrey, RH1 2JX",Orbital South Colleges,John Ruskin College
Escp Europe-Business School,020 7443 8800,www.escpeurope.eu,10002313,10002313,,"527, Finchley Road, London, NW3 7BG",ESCP - EAP European School Of Management,
Exeter College,01392 400170,www.exe-coll.ac.uk,10002370,10002370,https://exe-coll.ac.uk/university-level/,"Hele Road, Exeter, EX4 4JS",,
Farnborough College of Technology,01252 407040,www.farn-ct.ac.uk,10002412,10002412,https://www.ucfarnborough.ac.uk/student-life/finance/,"Boundary Road, Farnborough, Hampshire, GU14 6SB",,
Furness College,01229 825017,www.furness.ac.uk,10002599,10002599,http://www.furness.ac.uk/,"Channelside, Barrow-In-Furness, Cumbria, LA14 2PJ",,
Glasgow School of Art.,0141 353 4500,www.gsa.ac.uk,10002681,10002681,https://m.facebook.com/gsastudentsassociation/?locale2=en_GB,"167, Renfrew Street, Glasgow, G3 6RQ",,
Gloucestershire College,0345 155 2020,www.gloscol.ac.uk,10002696,10002696,https://www.totum.com/,"Llanthony Road, Gloucester, GL2 5JQ",,
Goldsmiths' College,020 7919 7171,www.gold.ac.uk,10002718,10002718,http://www.goldsmithssu.org/,"Goldsmiths College 8, Lewisham Way, London, SE14 6NW","Goldsmiths, University of London",South East London Teaching Partnership
Grantham College,01476 400200,www.grantham.ac.uk,10002743,10002743,http://www.grantham.ac.uk/student-life/,"Stonebridge Road, Grantham, Lincolnshire, NG31 9AP",,
Halesowen College,01216 027777 ,www.halesowen.ac.uk,10002852,10002852,https://www.halesowen.ac.uk/learners/student-union/,"Whittingham Road, Halesowen, West Midlands, B63 3NA",,
Halesowen College,01216 027777 ,www.halesowen.ac.uk,10002852,10007139,http://www.worcsu.com,"Whittingham Road, Halesowen, West Midlands, B63 3NA",,
Riverside College,01512 572800,www.riverside.ac.uk,10002863,10002863,https://www.riversidecollege.ac.uk/higher-education/he-student-support/,"Kingsway, Widnes, Cheshire, WA8 7QQ",Riverside College Halton,Cronton Sixth Form College
Hartlepool College of Further Education,01429 295000,www.hartlepoolfe.ac.uk,10002917,10007161,http://www.tees-su.org.uk/,"Stockton Street, Hartlepool, Cleveland, TS24 7NT",,
East Sussex College Group,030 300 39300,www.escg.ac.uk,10002923,10002923,https://www.brightonsu.com,"Cross Levels Way, Eastbourne, East Sussex, BN21 2UF",EAST SUSSEX COLLEGE,
Coventry College,02476 932932,,10003010,10003010,https://www.coventrycollege.ac.uk/student-societies/students-union/,"50 Swanswell Street, Coventry, CV1 5DG",,
Hereford College of Arts,01432 273359,www.hca.ac.uk,10003022,10003022,https://www.hca.ac.uk/life-at-hca/student-union,"Folly Lane, Hereford, HR1 1LT",,
"Herefordshire, Ludlow, and North Shropshire College",0800 032 1986,https://hlnsc.ac.uk/,10003023,10003023,https://hlnsc.ac.uk/student-services/,"Folly Lane, Hereford, HR1 1LS",,
"Herefordshire, Ludlow, and North Shropshire College",0800 032 1986,https://hlnsc.ac.uk/,10003023,10007139,http://www.worcsu.com,"Folly Lane, Hereford, HR1 1LS",,
Hertford Regional College,01992 411400,www.hrc.ac.uk,10003035,10003035,http://www.hrc.ac.uk/,"London Road, Ware, Hertfordshire, SG12 9JF",,
Hopwood Hall College,01616 437560,www.hopwood.ac.uk,10003146,10003146,http://www.hopwood.ac.uk/19-plus-students/higher-education,"Middleton Campus, Rochdale Road, Middleton, Manchester, M24 6XH",,
Hugh Baird College,0151 353 4444,www.hughbaird.ac.uk,10003193,10003193,http://www.nus.org.uk/en/,"Balliol Road, Bootle, Merseyside, L20 7EW",,
Hull College,01482 329943,www.hull-college.ac.uk,10003200,10003200,http://www.hcsu.co.uk/,"Queens Gardens Site, Wilberforce Drive, Hull, HU1 3DG",Hull College Group,
Hult International Business School Ltd,020 7636 5667,,10003212,10003212,https://www.instagram.com/hsa_london/,"33, Commercial Road, London, E1 1LD",Hult,Ashridge###Ashridge Executive Education###Ashridge Business School
Icon College of Technology and Management Ltd,020 7377 2800,www.iconcollege.com,10003239,10003239,https://www.iconcollege.ac.uk/Page/70,"Unit 21-23, 1-13, Adler Street, London, E1 1EG",ICON College of Technology & Management,
"Imperial College of Science, Technology and Medicine",020 7589 5111,www.imperial.ac.uk,10003270,10003270,https://www.imperialcollegeunion.org/,"Faculty Building, Exhibition Road, London, SW7 2AZ",Imperial College London,
Inchbald School of Design,020 7730 5508,www.inchbald.co.uk,10003284,10003284,https://www.wrexhamglyndwrsu.org.uk,"7, Eaton Gate, London, SW1W 9BA",,
Ipp Education Limited,0121 712 1000,,10003336,10007977,http://www.howcollege.ac.uk,"Goldfinger House 245, Cranmore Boulevard, Shirley, Solihull, West Midlands, B90 4ZL",The Chartered Institute of Payroll Professionals,
Italia Conti Academy of Theatre Arts Limited(The),020 7608 0044,,10003425,10007144,https://www.uelunion.org/,"Italia Conti House, 23 Goswell Road, London, EC1M 7AJ",,
University of Winchester,01962 841515,www.winchester.ac.uk,10003614,10003614,https://www.winchester.ac.uk/accommodation-and-winchester-life/student-life/winchester-student-union/,"Sparkford Road, Winchester, Hampshire, SO22 4NR",,
King's College London,020 7836 5454,www.kcl.ac.uk,10003645,10003645,http://www.kclsu.org,"James Clerk Maxwell Building 57, Waterloo Road, London, SE1 8WA",,
South Thames Colleges Group,020 8546 2151,www.stcg.ac.uk,10003674,10003674,https://stcg.ac.uk/students/student-life,"Kingston Hall Road, Kingston Upon Thames, Surrey, KT1 2AQ",,
Kingston Maurward College,01305 215000,www.kmc.ac.uk,10003676,10003676,https://www.kmc.ac.uk/college/degree_level_courses/,"Kingston Maurward, Dorchester, Dorset, DT2 8PY",,
Kingston University,020 8417 9000,www.kingston.ac.uk,10003678,10003678,https://www.kingstonstudents.net/,"Holmwood House, Grove Crescent, Kingston Upon Thames, KT1 2EE",,
Lamda Limited,020 8834 0500,www.lamda.org.uk,10003758,10003758,https://www.instagram.com/lamdasu/,"155, Talgarth Road, London, W14 9DA",London Academy of Music and Dramatic Arts,
Le Cordon Bleu Limited,020 7400 3900,www.cordonbleu.edu,10003798,10003798,https://www.cordonbleu.edu/london/home/en,"15, Bloomsbury Square, London, WC1A 2LS",,
Leeds Arts University,01132 028000,www.leeds-art.ac.uk,10003854,10003854,https://www.leeds-art.ac.uk/life-in-leeds/students-union,"Blenheim Walk, Leeds, LS2 9AQ",,
Leeds Beckett University,01138 120000,www.leedsbeckett.ac.uk,10003861,10003861,http://www.leedsbeckettsu.co.uk/,"Rose Bowl, Portland Way, Leeds, LS1 3HE",,
Leeds Trinity University,01132 837100,www.leedstrinity.ac.uk,10003863,10003863,https://www.leedstrinity.ac.uk/student-life/students-union/,"Brownberrie Lane, Horsforth, Leeds, LS18 5HD",,
Leicester College,01162 242240,www.leicestercollege.ac.uk,10003867,10003867,https://leicestercollege.ac.uk/college-life/student-life-at-leicester-college/,"Freemen's Park Campus, Welford Road, Leicester, LE2 7LW",,
Lincoln College,01522 876000,www.lincolncollege.ac.uk,10003928,10003928,,"Monks Road, Lincoln, LN2 5HQ",,
The Liverpool Institute for Performing Arts,0151 330 3000,www.lipa.ac.uk,10003945,10003945,https://lipa.ac.uk/why-lipa/student-support/student-voice/,"Mount Street, Liverpool, L1 9HF",LIPA,
The City of Liverpool College,1512523359,www.liv-coll.ac.uk,10003955,10003955,https://www.liv-coll.ac.uk/personal-development/student-union/,"Roscoe Street, Liverpool, L1 9DW",,
Liverpool Hope University,01512 913000,www.hope.ac.uk,10003956,10003956,http://www.hopesu.com/,"Hope Park, Taggart Avenue, Liverpool, L16 9JD",,
Liverpool John Moores University,01512 312121,www.ljmu.ac.uk,10003957,10003957,http://www.jmsu.co.uk,"Student Life Building, 10 Copperas Hill, Liverpool, L3 5AH",,
Lca London Limited,020 7400 6789,www.londoncollege.org,10004011,10000291,https://www.angliastudent.com,,,
Contemporary Dance Trust Limited,020 7121 1111,,10004028,10004028,https://www.nus.org.uk,"The Place Theatre 17, Duke's Road, London, WC1H 9PY",The Place,
The Film Education Training Trust Limited,020 7386 7711,www.londonfilmacademy.com,10004035,10004035,https://www.derbyunion.co.uk/,"52a, Walham Grove, London, SW6 1QR",London Film Academy,
London Metropolitan University,020 7423 0000 ,www.londonmet.ac.uk,10004048,10004048,https://www.londonmet.ac.uk/,"166-220, Holloway Road, London, N7 8DB",,
Bloomsbury Institute Limited,020 7078 8840,www.bil.ac.uk,10004061,10004061,http://www.bil-guild.org/,"7 Bedford Square, London, WC1B 3RA",Bloomsbury Institute,
The London School of Economics and Political Science,020 7955 7125,www.lse.ac.uk,10004063,10004063,https://www.lsesu.com,"Houghton Street, London, WC2A 2AE",,
London School of Theology,01923 456000,www.lst.ac.uk,10004075,10004075,https://www.nus.org.uk/,"Green Lane, Northwood, HA6 2UW",,
London South Bank University,020 7815 7815,www.lsbu.ac.uk,10004078,10004078,http://www.lsbu.ac.uk/student-life/students-union,"103, Borough Road, London, SE1 0AA",,
London Studio Centre Limited,020 7837 7741,www.londonstudiocentre.org,10004079,10004079,https://www.nus.org.uk/,"5, Nether Street, London, N12 0GA",London Studio Centre,
Loughborough College,01509 618375,www.loucoll.ac.uk,10004112,10004112,http://www.lsu.co.uk,"Radmoor Road, Loughborough, Leicestershire, LE11 3BT",,
Loughborough University,01509 263171,www.lboro.ac.uk,10004113,10004113,http://www.lsu.co.uk/,"Loughborough, Leicestershire, LE11 3TU",,
East Coast College,01502 583521,https://www.eastcoast.ac.uk/,10004116,10014001,http://www.uosunion.org/,"St. Peters Street, Lowestoft, Suffolk, NR32 2NB",,
The Growth Company Limited,0161 233 2656,https://www.gceducationandskills.ac.uk/,10004177,10006841,http://www.boltonsu.com/,"Lee House 90, Great Bridgewater Street, Manchester, M1 5JW",,
Manchester Metropolitan University,01612 472000,www.mmu.ac.uk,10004180,10004180,https://www.theunionmmu.org/,"All Saints, Grosvenor Square, Manchester, M15 6BH",,
The Metanoia Institute,020 8579 2505,www.metanoia.ac.uk,10004320,10004320,http://www.metanoia.ac.uk/student-representatives/,"13, North Common Road, London, W5 2QB",,
Mid-Kent College,01634 383000,www.midkent.ac.uk,10004340,10004340,https://www.midkent.ac.uk/help-advice/higher-education,"Medway Road, Gillingham, Kent, ME7 1FN",MidKent College,
Middlesbrough College,01642 333333,www.mbro.ac.uk,10004344,10004344,https://www.nus.org.uk/,"Dock Street, Middlesbrough, Cleveland, TS2 1AD",Northern Skills Group,
Middlesex University,020 8411 5000,www.mdx.ac.uk,10004351,10004351,http://www.mdxsu.com/,"The Burroughs, London, NW4 4BT",,
Millennium Performing Arts Ltd.,020 8301 8744,www.md2000.co.uk/,10004365,10007139,http://www.worcsu.com,"29, Thomas Street, London, SE18 6HU",,
Morley College Limited,020 7450 1889,www.morleycollege.ac.uk,10004432,10004432,https://www.morleycollege.ac.uk/help,"61, Westminster Bridge Road, London, SE1 7HT",Morley College,
Moulton College,01604 491131,www.moulton.ac.uk,10004442,10004442,https://www.moulton.ac.uk/he/he-learning-support,"West Street, Moulton, Northampton, NN3 7RR",,
Mountview Academy of Theatre Arts Limited,020 8829 0033,www.mountview.org.uk,10004450,10004450,https://www.mountview.org.uk/courses/life-at-mountview/students-union/,"Kingfisher Place Clarendon Road, London, N22 6XF",Mountview Academy of Theatre Arts,
Myerscough College,01995 642222,www.myerscough.ac.uk,10004478,10004478,https://en-gb.facebook.com/myerscoughstudentunion/,"St. Michaels Road, Bilsborrow, Preston, PR3 0RY",,
Nazarene Theological College,1614381926,www.nazarene.ac.uk,10004538,10004538,,"Dene Road, Didsbury, Manchester, M20 2GU",,
Nelson and Colne College,01282 440200,www.nelsongroup.ac.uk,10004552,10004552,http://www.nelsongroup.ac.uk,"Scotland Road, Nelson, Lancashire, BB9 7YT",,
New College Durham,0191 375 4000,www.newcollegedurham.ac.uk,10004576,10004576,http://www.newcollegedurham.ac.uk/the-college/students-union/,"Framwellgate Moor, Durham, DH1 5ES",,
Nottingham College,01159 100100,www.nottinghamcollege.ac.uk,10004577,10004577,https://www.nottinghamcollege.ac.uk/life-at-college/practical-help/student-support,"111 Canal Street, Nottingham, NG1 7HB",,
New College Swindon,01793 611470,www.newcollege.ac.uk,10004579,10004579,https://he.newcollege.ac.uk/students/student-support,"New College Drive, Swindon, SN3 1AH",,
New College Swindon,01793 611470,www.newcollege.ac.uk,10004579,10004930,https://www.brookesunion.org.uk/,"New College Drive, Swindon, SN3 1AH",,
Newbury College,01635 845000,www.newbury-college.ac.uk,10004596,10004596,http://www.newbury-college.ac.uk/,"Monks Lane, Newbury, Berkshire, RG14 7TD",,
Newbury College,01635 845000,www.newbury-college.ac.uk,10004596,10007802,https://readingsu.co.uk/,"Monks Lane, Newbury, Berkshire, RG14 7TD",,
Ncg,01912 004000,www.ncgrp.co.uk,10004599,10004599,https://www.ncl-coll.ac.uk/student-life/students-union/,"Scotswood Road, Newcastle Upon Tyne, NE4 7SA",Newcastle College,Southwark College###Kidderminster College###Newcastle Sixth Form College###West Lancashire College###Carlisle College###Lewisham Southwark College
Ncg,01912 004000,www.ncgrp.co.uk,10004599,10007139,http://www.worcsu.com,"Scotswood Road, Newcastle Upon Tyne, NE4 7SA",Newcastle College,Southwark College###Kidderminster College###Newcastle Sixth Form College###West Lancashire College###Carlisle College###Lewisham Southwark College
Petroc,01271 345291,www.petroc.ac.uk,10004676,10004676,https://www.petroc.ac.uk/university-centre/he-financial-support/,"Old Sticklepath Hill, Sticklepath, Barnstaple, EX31 2BQ",,
North East Surrey College of Technology (Nescot),020 8394 1731,www.nescot.ac.uk,10004686,10004686,https://www.nescot.ac.uk/university-level/,"Reigate Road, Epsom, Surrey, KT17 3DS",,
North Hertfordshire College,01462 424242,www.nhc.ac.uk,10004690,10004690,https://cecos.ac.uk/student-life/,"Monkswood Way, Stevenage, Hertfordshire, SG1 1LA",,
Dn Colleges Group,01724 294003,www.dncolleges.ac.uk,10004695,10004695,https://www.dncolleges.ac.uk/,"Chappell Drive, Doncaster, DN1 2RF",North Lindsey College,Doncaster College
North Warwickshire and South Leicestershire College,0330 058 3000,www.nwslc.ac.uk,10004718,10004718,https://www.nwslc.ac.uk,"Hinckley Road, Nuneaton, Warwickshire, CV11 6BH",,
North Kent College,01322 629400,www.northkent.ac.uk,10004721,10007146,,"Oakfield Lane, Dartford, DA1 2JT",,
Northern College of Acupuncture,01904 343305,www.chinese-medicine.co.uk,10004740,10004740,https://nca.ac.uk/the-college/student-union,"61, Micklegate, York, YO1 6LJ",,
City College Norwich,01603 773049,www.ccn.ac.uk,10004772,10004772,https://www.ccn.ac.uk/our-college/students-union/,"5 Ipswich Road, Norwich, NR2 2LJ",,
Norwich University of the Arts,01603 610561,www.nua.ac.uk,10004775,10004775,https://www.nuasu.co.uk/,"Francis House, 3-7 Redwell Street, Norwich, NR2 4SN",,
Nottingham Trent University,0115 848 6639,www.ntu.ac.uk,10004797,10004797,http://www.trentstudents.org,"Terrace Royal, 56 Goldsmith Street, Nottingham, NG1 5JD",,
Oaklands College,01727 737000,www.oaklands.ac.uk,10004835,10004835,,"Oaklands Campus, Hatfield Road, St. Albans, Hertfordshire, AL4 0JA",,
Open College of the Arts,0800 731 2116,www.oca-uk.com,10004879,10007773,http://www.open.ac.uk/ousa/,"Unit 1b, Redbrook Business Park Wilthorpe Road, Barnsley, South Yorkshire, S75 1JN",,
Activate Learning,0800 6126008,www.activatelearning.ac.uk,10004927,10004927,https://www.activatelearning.ac.uk/news/activities-and-events-for-new-students-at-activate-learning/,"Oxpens Road, Oxford, OX1 1SA",,
Activate Learning,0800 6126008,www.activatelearning.ac.uk,10004927,10004930,https://www.brookesunion.org.uk/,"Oxpens Road, Oxford, OX1 1SA",,
Activate Learning,0800 6126008,www.activatelearning.ac.uk,10004927,10007802,https://readingsu.co.uk/,"Oxpens Road, Oxford, OX1 1SA",,
Oxford Brookes University,01865 741111,www.brookes.ac.uk,10004930,10004930,https://www.brookesunion.org.uk/,"Gipsy Lane, Headington, Oxford, OX3 0BP",,
Salford City College,0161 631 5000 ,www.salfordcc.ac.uk,10005032,10005032,http://www.salfordcc.ac.uk,"Pendleton Sixth Form College, Dronfield Road, Salford, M6 7FR",,
Peter Symonds College,01962 857500,https://psc.ac.uk/ahed,10005072,10005072,https://psc.ac.uk/su,"Owens Road, Winchester, Hampshire, SO22 6RX",,
Plumpton College,01273 890454,www.plumpton.ac.uk,10005124,10005124,https://www.plumpton.ac.uk/student-info/student-union/,"Ditchling Road, Plumpton, Lewes, East Sussex, BN7 3AE",,
Arts University Plymouth,01752 203434,www.plymouthart.ac.uk,10005127,10005127,https://www.aup.ac.uk/student-life/students-union,"Tavistock Place, Plymouth, PL4 8AT",,
City College Plymouth,01752 305707,www.cityplym.ac.uk,10005128,10005128,https://www.cityplym.ac.uk/student-life/students-union,"Kings Road, Devonport, Plymouth, PL1 5QG",,
Preston College,01772 225000,www.preston.ac.uk,10005200,10005200,https://www.preston.ac.uk/support/student-services/,"Fulwood Campus, Fulwood, Preston, PR2 8UR",,
"Queen Margaret University, Edinburgh",0131 474 0000,www.qmu.ac.uk,10005337,10005337,http://qmusu.org.uk/,"Queen Margaret University Drive, Musselburgh, EH21 6UU",,
Queen's University of Belfast,028 9097 5134,www.qub.ac.uk,10005343,10005343,http://www.qubsu.org/,"Vice-Chancellor's Office, University Road, Belfast, BT7 1NN",Queen's University Belfast,
Rambert School of Ballet and Contemporary Dance,020 8892 9960,www.rambertschool.org.uk,10005378,10005378,https://www.rambertschool.org.uk/students/student-support/,"Clifton Lodge, St. Margarets Drive, Twickenham, TW1 1QN",,
Ravensbourne University London,020 3040 3500,www.rave.ac.uk,10005389,10005389,https://www.ravesu.co.uk/,"6 Penrose Way, London, SE10 0EW",,
Reaseheath College,01270 625131,www.reaseheath.ac.uk,10005404,10005404,https://ucreaseheath.ac.uk/student-life/,"Reaseheath, Nantwich, Cheshire, CW5 6DF",,
Arden University Limited,024 7651 5700,www.arden.ac.uk,10005451,10005451,https://arden.ac.uk/studying-with-us/student-association,"Arden House, Middlemarch Park, Coventry, CV3 4FJ",Arden University,
Royal Engineers Vocational Education and Training Trust,01634 822085,www.re-cpd.org.uk,10005455,10007146,,"Brompton Barracks, Dock Road, Chatham, Kent, ME4 4UG",REVETT,
"Richmond, the American international University in London, inc.",020 8332 8330,www.richmond.ac.uk,10005470,10005470,https://www.Richmond.ac.uk/student-life/clubs-societies/,,"Richmond, The American International University in London",
Robert Gordon University,01224 262000,www.rgu.ac.uk,10005500,10005500,http://www.rguunion.co.uk,"Robert Gordon University, Garthdee House, Garthdee Road, Aberdeen, AB10 7QB",,
Rose Bruford College of Theatre and Performance,020 8308 2600,www.bruford.ac.uk,10005523,10005523,https://www.bruford.ac.uk/live/student-support/,"Lamorbey Park Burnt Oak Lane, Sidcup, Kent, DA15 9DF",,
Rnn Group,01709 362111,www.rotherham.ac.uk,10005534,10005534,http://www.rotherham.ac.uk/HigherEducation,"Eastwood Lane, Rotherham, South Yorkshire, S65 1EG",,
Royal Academy of Dance,020 7326 8000,www.rad.org.uk,10005544,10005544,https://www.nus.org.uk,"36, Battersea Square, London, SW11 3RA",,
The Royal Agricultural University,01285 652531 ,www.rau.ac.uk,10005545,10005545,https://www.rau.ac.uk/student-life/social/students-union,"Stroud Road, Cirencester, Gloucestershire, GL7 6JS",,
Royal Holloway and Bedford New College,01784 434455,www.rhul.ac.uk,10005553,10005553,http://www.su.rhul.ac.uk/,"Egham Hill, Egham, Surrey, TW20 0EX","Royal Holloway, University of London",
Royal Conservatoire of Scotland,0141 332 4101,www.rcs.ac.uk,10005561,10005561,https://www.rcsunion.scot/,"100, Renfrew Street, Glasgow, G2 3DB",,
Sruc,0131 535 4000,www.sruc.ac.uk,10005700,10005700,https://www.sruc.ac.uk/study-with-us/student-life/students-association/,"King's Buildings , West Mains Road, Edinburgh, EH9 3JG",Scotland's Rural College,
Unified Seevic Palmer's College,01268 756111,www.uspcollege.ac.uk ,10005736,10005736,https://www.uspcollege.ac.uk/courses-careers/our-courses/higher-education/,"Runnymede Chase, Benfleet, Essex, SS7 1TW",USP College,
"Sheffield College, the",01142 602600,www.sheffcol.ac.uk,10005788,10005788,https://www.sheffcol.ac.uk/students-union,"Granville Road, Sheffield, S2 2RL",,
Sheffield Hallam University,01142 255555,www.shu.ac.uk,10005790,10005790,https://www.shu.ac.uk/study-here/student-life/your-union,"City Campus, Howard Street, Sheffield, S1 1WB",,
Shrewsbury Colleges Group,01743 342602,www.shrewsbury.ac.uk,10005822,10005822,http://www.nus.org.uk/,"Priory Road, Shrewsbury, SY1 1RX",,
Shrewsbury Colleges Group,01743 342602,www.shrewsbury.ac.uk,10005822,10006299,https://www.staffsunion.com/,"Priory Road, Shrewsbury, SY1 1RX",,
Slough Borough Council,01753 475111,www.slough.gov.uk,10005916,10006566,http://www.uwlsu.com,"Town Hall, Bath Road, Slough, SL1 3UQ",,
Solihull College and University Centre,01216 787000,www.solihull.ac.uk,10005946,10004930,https://www.brookesunion.org.uk/,"Blossomfield Road, Solihull, West Midlands, B91 1SB",,
Solihull College and University Centre,01216 787000,www.solihull.ac.uk,10005946,10005946,http://www.solihull.ac.uk/courses.php?id=uni__level_learner&uid=Student_Services,"Blossomfield Road, Solihull, West Midlands, B91 1SB",,
South & City College Birmingham,1216946293,www.sccb.ac.uk,10005967,10005967,https://www.nus.org.uk/,"High Street Deritend, Digbeth, Birmingham, B5 5SU",,
Cheshire College South and West,01270 654654,https://www.ccsw.ac.uk,10005972,10005972,https://www.ccsw.ac.uk/life-at-ccsw/what-to-expect/,"Danebank Avenue, Crewe, CW2 8AB",,
South Devon College,01803 540540,www.southdevon.ac.uk,10005977,10005977,https://www.ucsd.ac.uk,"Vantage Point, Long Road, Paignton, Devon, TQ4 7EJ",University Centre South Devon,
South Essex College of Further and Higher Education,0345 52 12345,www.southessex.ac.uk,10005981,10005981,https://www.southessex.ac.uk/he/student-union,"Luker Road, Southend-On-Sea, Essex, SS1 1ND",,
The Trafford and Stockport College Group,01618 867070,www.trafford.ac.uk,10005998,10005998,http://www.trafford.ac.uk,"Manchester Road, West Timperley, Altrincham, Cheshire, WA14 5PQ",,
Tyne Coast College,01914 273500,,10005999,10005999,http://www.stc.ac.uk/page/students-union,"St. Georges Avenue, South Shields, Tyne And Wear, NE34 6ET",,
"Solent University, Southampton",2382013216,www.solent.ac.uk,10006022,10006022,https://www.solentsu.co.uk/,"East Park Terrace, Southampton, SO14 0YN",,
Sparsholt College,01962 776441,www.sparsholt.ac.uk,10006050,10006050,http://www.nus.org.uk/en/students-unions/,"Sparsholt, Winchester, Hampshire, SO21 2NF",,
Spurgeon's College,020 8653 0850,www.spurgeons.ac.uk,10006093,10006093,https://www.spurgeons.ac.uk/wp-content/uploads/Documents/Policies_Procedures/Student-Voice-Guidelines.pdf,"189, South Norwood Hill, London, SE25 6DJ",,
St Helens College,0800 99 66 99,www.sthelens.ac.uk,10006174,10006174,http://www.sthelens.ac.uk,"Water Street, St. Helens, Merseyside, WA10 1PP",,
University of Staffordshire,07585 988424   ,www.staffs.ac.uk,10006299,10006299,https://www.staffsunion.com/,"College Road, Stoke-On-Trent, ST4 2DE",,
The Education Training Collective,01642 865400,www.the-etc.ac.uk,10006341,10007161,http://www.tees-su.org.uk/,"Harvard Avenue, Thornaby, Stockton-On-Tees, Cleveland, TS17 6FB",,
Stoke On Trent College,01782 208208,www.stokecoll.ac.uk,10006349,10006299,https://www.staffsunion.com/,"Cauldon Campus, Stoke Road, Stoke-On-Trent, ST4 2DG",,
Strode College,01458 844400,www.strode-college.ac.uk,10006378,10006378,http://www.strode-college.ac.uk/college-info/students-association/what-we-do/,"Church Road, Street, Somerset, BA16 0AB",,
Suffolk New College,01473 382200,www.suffolk.ac.uk,10006398,10014001,http://www.uosunion.org/,"Rope Walk, Ipswich, IP4 1LT",,
University for the Creative Arts,01252 722441,www.ucreative.ac.uk,10006427,10006427,https://ucasu.com/,"Falkner Road, Farnham, Surrey, GU9 7DS",,
Birmingham Metropolitan College,01214 464545,www.bmetc.ac.uk,10006442,10006442,https://www.bmet.ac.uk/student-experience/extra-curricular/,"4 Jennens Road, Birmingham, B4 7PS",,
Birmingham Metropolitan College,01214 464545,www.bmetc.ac.uk,10006442,10007139,http://www.worcsu.com,"4 Jennens Road, Birmingham, B4 7PS",,
Tameside College,01619 086600,www.tameside.ac.uk,10006494,10006494,http://www.tameside.ac.uk/Pages/Higher_Education/student_voice.aspx,"Beaufort Road, Ashton-Under-Lyne, Lancashire, OL6 6NX",,
Telford College,01952 642200,,10006549,10006549,https://www.telfordcollege.ac.uk/prospectus/553671/hnc-in-business-level-4/,"Haybridge Road, Wellington, Telford, Shropshire, TF1 2NP",,
The University of West London,020 8231 2204,www.uwl.ac.uk,10006566,10006566,http://www.uwlsu.com,"St. Marys Road, London, W5 5RF",,
Ekc Group,01843 605040,www.eastkent.ac.uk,10006570,10006570,https://www.ekcgroup.ac.uk/,"Ramsgate Road, Broadstairs, Kent, CT10 1PN",,
The Oldham College,0161 624 4000,www.oldham.ac.uk,10006770,10006770,https://www.oldham.ac.uk/college-life/student-union/,"Rochdale Road, Oldham, OL9 6AA",Oldham College,
The University of Birmingham,0121 414 3344,www.birmingham.ac.uk,10006840,10006840,https://www.guildofstudents.com,"Edgbaston, Birmingham, B15 2TT",University of Birmingham,
The University of Bolton,01204 900600,www.bolton.ac.uk,10006841,10006841,http://www.boltonsu.com/,"Deane Road, Bolton, BL3 5AB",,
The University of Liverpool,0151 794 2000,https://www.liverpool.ac.uk,10006842,10006842,https://www.liverpoolguild.org/,"Foundation Building, 765 Brownlow Hill, Liverpool, L69 7ZX",,
New City College,020 7510 7510,www.ncclondon.ac.uk,10006963,10006963,https://www.ncclondon.ac.uk/higher-education/,"112, Poplar High Street, London, E14 0AF",,
Truro and Penwith College,01872 305000,https://www.truro-penwith.ac.uk/,10007063,10007063,https://www.truro-penwith.ac.uk/study-with-us/university-centre/,"College Road, Truro, TR1 3XX",,
University of the Highlands and Islands,01463 279000,www.uhi.ac.uk,10007114,10007114,http://www.hisa.uhi.ac.uk,"12b, Ness Walk, Inverness, IV3 5SQ",,
The University of Chichester,01243 816000,www.chi.ac.uk,10007137,10007137,http://www.ucsu.org/,"Bishop Otter Campus, College Lane, Chichester, West Sussex, PO19 6PE",University of Chichester,
"University of Northampton, the",01604 735500,https://www.northampton.ac.uk/apprenticeships/,10007138,10007138,http://www.northampton.ac.uk/about-us/services-and-facilities/students-union/,"University Drive, Northampton, NN1 5PH",The University of Northampton,University of Northampton
University of Worcester,01905 855000,www.worc.ac.uk,10007139,10007139,http://www.worcsu.com,"Henwick Grove, Worcester, WR2 6AJ",,
Birmingham City University,01213 315000,www.bcu.ac.uk,10007140,10007140,https://www.bcusu.com/,"15 Bartholomew Row, Birmingham, B5 5JU",,
University of Central Lancashire,01772 201201,www.uclan.ac.uk,10007141,10007141,http://www.uclansu.co.uk/,"Preston, PR1 2HE",,
University of Durham,0191 334 2000,www.dur.ac.uk,10007143,10007143,https://www.durhamsu.com/,"Palatine Centre, Stockton Road, Durham, DH1 3LE",Durham University,
University of East London,020 8223 3000,www.uel.ac.uk,10007144,10007144,https://www.uelunion.org/,"East Building 4, University Way, London, E16 2RD",The University of East London,The University of East London Higher Education Corporation
University of Gloucestershire,01242 714186,www.glos.ac.uk,10007145,10007145,https://www.glos.ac.uk/students-union/,"The Park, Cheltenham, Gloucestershire, GL50 2RH",,
University of Greenwich,020 8331 8000 ,https://www.gre.ac.uk/,10007146,10007146,,"30, Park Row, London, SE10 9LS",,
University of Hertfordshire,01707 284800,www.herts.ac.uk,10007147,10007147,http://www.hertssu.com,"College Lane, Hatfield, Hertfordshire, AL10 9AB",University of Hertfordshire,
The University of Huddersfield,01484 422288,www.hud.ac.uk,10007148,10007148,https://www.huddersfieldsu.co.uk/advice,"Queensgate, Huddersfield, HD1 3DH",University of Huddersfield,
The University of Hull,01482 346311 ,www.hull.ac.uk,10007149,10007149,https://hullstudent.com/,"Cottingham Road, Hull, HU6 7RX",University of Hull,
The University of Kent,01227 764000,www.kent.ac.uk,10007150,10007150,https://kentunion.co.uk/,"The Registry, Canterbury, Kent, CT2 7NZ",,
University of Lincoln,01522 882000,www.lincoln.ac.uk,10007151,10007151,https://lincolnsu.com/ADVICE,"Campus Way, Lincoln, LN6 7TS",,
University of Bedfordshire,01234 400400 ,www.beds.ac.uk,10007152,10007152,http://www.bedssu.co.uk/,"University Square, Luton, LU1 3JU",,
"University of Nottingham, the",01159 515151,www.nottingham.ac.uk,10007154,10007154,http://www.uonsu-success.co.uk/about-us/,"University Park, Nottingham, NG7 2RD",,
University of Portsmouth,02392 848484,www.port.ac.uk,10007155,10007155,https://upsu.net/,"University House, Winston Churchill Avenue, Portsmouth, PO1 2UP",,
"University of Salford, the",01612 955000,www.salford.ac.uk,10007156,10007156,https://www.salfordstudents.com/,"The Crescent, Salford, M5 4WT",The University of Salford,
The University of Sheffield,0114 222 2000,www.shef.ac.uk,10007157,10007157,http://www.shef.ac.uk/union/index.php,"Western Bank, Sheffield, S10 2TN",University of Sheffield,
University of Southampton,023 8059 5000,www.soton.ac.uk,10007158,10007158,http://www.susu.org/,"University Road, Southampton, SO17 1BJ",,
University of Sunderland,01915 152000,www.sunderland.ac.uk,10007159,10007159,http://www.sunderlandsu.co.uk/,"Chester Road, Sunderland, SR1 3SD",,
The University of Surrey,01483 300800,www.surrey.ac.uk,10007160,10007160,https://www.ussu.co.uk/,"Guildford, Surrey, GU2 7XH",,
Teesside University,01642 218121,www.tees.ac.uk,10007161,10007161,http://www.tees-su.org.uk/,"The Curve, Southfield Road, Middlesbrough, Cleveland, TS1 3BX",,
"University of the Arts, London",020 7514 6000,www.arts.ac.uk,10007162,10007162,https://www.arts-su.com/contact,"272 High Holborn, London, WC1V 7EY",,
The University of Warwick,024 7652 2630,www.warwick.ac.uk,10007163,10007163,https://www.warwicksu.com,"University House, Kirby Corner Road, Coventry, CV4 8UW",University of Warwick,
"University of the West of England, Bristol",01179 656261,www.uwe.ac.uk,10007164,10007164,https://www.thestudentsunion.co.uk,"Frenchay Campus, Coldharbour Lane, Bristol, BS16 1QY",UWE Bristol,"University of the West of England###UWE, Bristol###University of West of England###UWE"
The University of Westminster,020 7911 5000,www.westminster.ac.uk,10007165,10007165,http://www.uwsu.com/,"309 Regent Street, London, W1B 2HW",,
University of Wolverhampton,01902 321000,www.wlv.ac.uk,10007166,10007166,http://wlv.ac.uk/su,"Wulfruna Street, Wolverhampton, WV1 1LY",University of Wolverhampton,
University of York,01904 430000,www.york.ac.uk,10007167,10007167,http://www.yusu.org/,"Heslington, York, YO10 5DD",,
Heart of Yorkshire Education Group,01924 789469,www.wakefield.ac.uk,10007289,10007289,http://www.nus.org.uk/en/students-unions/,"Margaret Street, Wakefield, West Yorkshire, WF1 2DH",,
Walsall College,01922 657000,www.walsallcollege.ac.uk,10007315,10007315,https://www.walsallcollege.ac.uk/students-union/,"Littleton Street West, Walsall, WS2 8ES",,
Warrington & Vale Royal College,01925 494494,www.warrington.ac.uk,10007339,10007339,https://wvr.ac.uk/adults/higher-education,"Winwick Road Campus, Winwick Road, Warrington, WA2 8QA",,
Waverley Abbey Trust,01252 784784,www.waverleyabbeycollege.ac.uk,10007361,10007361,,"Waverley Abbey House, Waverley Lane, Farnham, Surrey, GU9 8EP",Waverley Abbey College,
West Herts College,01923 812000,www.westherts.ac.uk,10007417,10007417,https://www.westherts.ac.uk/student-life/higher-education-hub,"Watford Campus, Hempstead Road, Watford, WD17 3EZ",,
West Suffolk College,01284 701301,https://www.wsc.ac.uk,10007431,10007431,https://www.universitystudies.wsc.ac.uk/our-partners,"Out Risbygate, Bury St. Edmunds, Suffolk, IP33 3RL",,
Capital City College Group,020 7700 9333,www.capitalccg.ac.uk,10007455,10006299,https://www.staffsunion.com/,"Kings Cross Centre, 211 Grays Inn Road, London, WC1X 8RA",Capital City College Group,"City and Islington College###Westminster Kingsway College###The College of Haringey, Enfield and North East London"
Capital City College Group,020 7700 9333,www.capitalccg.ac.uk,10007455,10007455,https://www.capitalccg.ac.uk/students/college-life,"Kings Cross Centre, 211 Grays Inn Road, London, WC1X 8RA",Capital City College Group,"City and Islington College###Westminster Kingsway College###The College of Haringey, Enfield and North East London"
Weston College of Further and Higher Education,01934 411411,www.weston.ac.uk,10007459,10007459,http://www.ucw.ac.uk/students/get-involved/,"Knightstone Road, Weston-Super-Mare, Avon, BS23 2AL",University Centre Weston,
Wigan and Leigh College,01942 761111,www.wigan-leigh.ac.uk,10007500,10007500,https://www.wigan-leigh.ac.uk/student-services,"Parsons Walk, Wigan, Lancashire, WN1 1RS",,
Wiltshire College and University Centre,01225 350035,www.wiltshire.ac.uk,10007527,10000824,http://www.subu.org.uk/,"Cocklebury Road, Chippenham, Wiltshire, SN15 3QD",,
Wiltshire College and University Centre,01225 350035,www.wiltshire.ac.uk,10007527,10004930,https://www.brookesunion.org.uk/,"Cocklebury Road, Chippenham, Wiltshire, SN15 3QD",,
Wiltshire College and University Centre,01225 350035,www.wiltshire.ac.uk,10007527,10007527,https://www.wiltshire.ac.uk/the-college/student-union,"Cocklebury Road, Chippenham, Wiltshire, SN15 3QD",,
Wirral Metropolitan College,01515 517777,www.wmc.ac.uk,10007553,10007553,https://wmc.ac.uk/student-life/students-union,"Conway Park Campus 10, Europa Boulevard, Birkenhead, Merseyside, CH41 4NT",,
City of Wolverhampton College,01902 836000,www.wolvcoll.ac.uk,10007578,10007578,http://www.http://wolvcoll.ac.uk/union/,"Paget Road, Wolverhampton, WV6 0DU",,
Xaverian College,0161 224 1781,www.xaverian.ac.uk,10007682,10007798,http://manchesterstudentsunion.com/,"Lower Park Road, Manchester, M14 5RB",,
Yeovil College,01935 423921,www.yeovil.ac.uk,10007696,10007696,https://www.yeovil.ac.uk/StudentLife/StudentUnion.html,"Mudford Road, Yeovil, Somerset, BA21 4DR",,
York College,01904 770200,https://www.yorkcollege.ac.uk/,10007709,10007709,https://www.yorkcollege.ac.uk/student-life,"Sim Balk Lane, York, YO23 2BB",,
York St John University,01904 624624,www.yorksj.ac.uk,10007713,10007713,https://ysjsu.com/support,"Lord Mayors Walk, York, YO31 7EX",,
Aston University,01212 043000,www.aston.ac.uk,10007759,10007759,https://www.astonsu.com/,"The Aston Triangle, Birmingham, B4 7ET",,
Birkbeck College,020 7631 6000,www.bbk.ac.uk,10007760,10007760,http://www.birkbeckunion.org/,"Birkbeck College, Malet Street, London, WC1E 7HX","Birkbeck, University of London",
Courtauld Institute of Art,020 7848 2777,www.courtauld.ac.uk,10007761,10007761,http://www.courtauldsu.com,"Somerset House, Strand, London, WC2R 0RN",,
Glasgow Caledonian University,0141 331 3000,www.gcu.ac.uk,10007762,10007762,http://www.gcu.ac.uk/kis/studentsassociation,"City Campus 70, Cowcaddens Road, Glasgow, G4 0BA",,
Heriot-Watt University,0131 449 5111,www.hw.ac.uk,10007764,10007764,https://www.hwunion.com/,"Heriot-Watt University, Edinburgh Campus, Edinburgh, EH14 4AS",,
University of Keele,01782 732000,www.keele.ac.uk,10007767,10007767,http://www.keelesu.com/,"Keele, Newcastle, Staffordshire, ST5 5BG",Keele University,
The University of Lancaster,01524 65201,www.lancs.ac.uk,10007768,10007768,https://portal.lancaster.ac.uk/ask/students-union/,"University House, Bailrigg, Lancaster, LA1 4YW",Lancaster University,
Edinburgh Napier University,0845 260 6040 ,www.napier.ac.uk,10007772,10007772,https://www.napierstudents.com/,"Craiglockhart Campus 219, Colinton Road, Edinburgh, EH14 1DJ",,
The Open University,0300 303 5303,www.open.ac.uk,10007773,10007773,http://www.open.ac.uk/ousa/,"Walton Hall, Milton Keynes, MK7 6AA",,
University of Oxford,01865 270000,www.ox.ac.uk,10007774,10007774,https://www.oxfordsu.org/,"University Offices, Wellington Square, Oxford, OX1 2JD",Oxford University,
Queen Mary University of London,020 7882 5555,www.qmul.ac.uk,10007775,10007775,http://www.qmsu.org,"327, Mile End Road, London, E1 4NS",,
Roehampton University,020 8392 3000,www.roehampton.ac.uk,10007776,10007776,http://www.roehamptonstudent.com/student-support/,"Erasmus House, Roehampton Lane, London, SW15 5PU",,
Royal College of Music,020 7591 4300,www.rcm.ac.uk,10007778,10007778,https://www.rcm.ac.uk/life/studentsupport/su/,"Prince Consort Road, London, SW7 2BS",,
The Royal Veterinary College,020 7468 5000,www.rvc.ac.uk,10007779,10007779,https://www.rvcsu.org.uk/union/,"Royal College Street, London, NW1 0TU",,
School of Oriental and African Studies,020 7637 2388,www.soas.ac.uk,10007780,10007780,http://soasunion.org/,,SOAS University of London,School of Oriental and African Studies
University of Aberdeen,01224 272000,www.abdn.ac.uk,10007783,10007783,http://www.ausa.org.uk/,"Regent Walk, Aberdeen, AB24 3FX",,
University College London,020 7679 2000,www.ucl.ac.uk,10007784,10007784,https://uclu.org/,"Gower Street, London, WC1E 6BT",UCL,
The University of Bradford,01274 233007,www.bradford.ac.uk,10007785,10007785,https://www.bradfordunisu.co.uk/,"Richmond Road, Bradford, West Yorkshire, BD7 1DP",,
University of Bristol,0117 928 9000,www.bristol.ac.uk,10007786,10007786,http://www.bristolsu.org.uk/,,,
The University of Buckingham,01280 814080,www.buckingham.ac.uk,10007787,10007787,https://su.buckingham.ac.uk/,"Yeomanry House, Hunter Street, Buckingham, MK18 1EG",University of Buckingham,
University of Cambridge,01223 337733,www.cam.ac.uk,10007788,10007788,https://www.cambridgesu.co.uk/,"The Old Schools, Trinity Lane, Cambridge, CB2 1TN",University of Cambridge,Cambridge University
The University of East Anglia,01603 456161,www.uea.ac.uk,10007789,10007789,https://www.uea.su/,"Norwich Research Park, Earlham Road, Norwich, NR4 7TJ",University of East Anglia,
University of Edinburgh,0131 650 1000,www.ed.ac.uk,10007790,10007790,http://www.eusa.ed.ac.uk/,"Old College, South Bridge, Edinburgh, EH8 9YL",,
The University of Essex,01206 873333,www.essex.ac.uk,10007791,10007791,http://www.essexstudent.com,"Wivenhoe Park, Colchester, CO4 3SQ",,
University of Exeter,01392 661000,https://www.exeter.ac.uk/study/degreeapprenticeships/,10007792,10007792,https://www.exeter.ac.uk/study/life/thestudentsunion/,"Northcote House, The Queens Drive, Exeter, EX4 4QJ",,
University of South Wales/Prifysgol De Cymru,01443 828812,www.southwales.ac.uk,10007793,10007793,https://www.uswsu.com/,"Treforest, Pontypridd, Mid Glamorgan, CF37 1DL",,
University of Glasgow,01413 302000,www.gla.ac.uk,10007794,10007794,https://www.gla.ac.uk/myglasgow/studentsrepresentativecouncil/,"University Avenue, Glasgow, G12 8QQ",,
The University of Leeds,0113 2431751,www.leeds.ac.uk,10007795,10007795,https://www.luu.org.uk,"Woodhouse Lane, Leeds, LS2 9JT",University of Leeds,
The University of Leicester,0116 252 2522,www.le.ac.uk,10007796,10007796,http://leicesterunion.com/about,"University Road, Leicester, LE1 7RH",University of Leicester,
University of London,020 7862 8360,www.lon.ac.uk,10007797,10007797,https://www.studentcentral.london/,"Senate House, Malet Street, London, WC1E 7HU",,
The University of Manchester,0161 306 6000,www.manchester.ac.uk,10007798,10007798,http://manchesterstudentsunion.com/,"Oxford Road, Manchester, M13 9PL",University of Manchester,
University of Newcastle Upon Tyne,01912 086000,www.ncl.ac.uk,10007799,10007799,https://www.nusu.co.uk/,"Kings Gate, Claremont Road, Newcastle Upon Tyne, NE1 7RU",Newcastle University,
University of the West of Scotland,01418 483000,www.uws.ac.uk,10007800,10007800,https://www.uwsunion.org.uk/,"High Street, Paisley, Renfrewshire, PA1 2BE",,
University of Plymouth,01752 600600,www.plymouth.ac.uk,10007801,10007801,http://www.upsu.com/,"Drake Circus, Plymouth, PL4 8AA",,
The University of Reading,0118 987 5123,www.reading.ac.uk,10007802,10007802,https://readingsu.co.uk/,"Whiteknights House, Whiteknights, Reading, RG6 6UR",University of Reading,
University of St Andrews,01334 476161,www.st-andrews.ac.uk,10007803,10007803,http://www.st-andrews.ac.uk/study/why/life/students-association/,"College Gate, North Street, St. Andrews, Fife, KY16 9AJ",,
University of Stirling,01786 473171,www.stir.ac.uk,10007804,10007804,http://www.stir.ac.uk/campus-life/the-students-union/,"Stirling, FK9 4LA",,
University of Strathclyde,0141 552 4400,www.strath.ac.uk,10007805,10007805,https://www.strathunion.com/support/academic/,"Mccance Building 16, Richmond Street, Glasgow, G1 1XQ",,
University of Sussex,01273 606755,www.sussex.ac.uk,10007806,10007806,http://www.sussex.ac.uk/study/ug/studentlife,"Sussex House, Southern Ring Road, Falmer, Brighton, BN1 9RH",,
University of Ulster,028 7012 3456,www.ulster.ac.uk,10007807,10007807,http://www.uusu.org/,"Cromore Road, Coleraine, County Londonderry, BT52 1SA",Ulster University,
Birmingham Christian College,0121 472 0726,www.bccoll.uk,10007810,10007810,https://bccoll.uk/student-representative-council/,"Hamilton Drive, Selly Oak, Birmingham, B29 6AJ",,
Bishop Grosseteste University,01522 527347,www.bishopg.ac.uk,10007811,10007811,http://www.bgsu.co.uk/,"Longdales Road, Lincoln, LN1 3DY",,
University of London institute in Paris,020 7862 8656,www.ulip.london.ac.uk,10007812,10007812,https://www.ulipstudentunion.com,"Senate House, Malet Street, London, WC1E 7HU",,
Cardiff University,02920 874888,www.cardiff.ac.uk,10007814,10007814,http://www.cardiffstudents.com/,"Friary House, Greyfriars Road, Cardiff, CF10 3AE",,
The Royal Central School of Speech and Drama,020 7722 8183,www.cssd.ac.uk,10007816,10007816,https://www.centralsu.com/,"Embassy Theatre 62-64, Eton Avenue, London, NW3 3HY",,
Chichester College Group,01243 786321,www.chichester.ac.uk,10007817,10007817,https://www.chichester.ac.uk/college-life/student-life/chi-su,"Chichester College, Avenue De Chartres, Chichester, West Sussex, PO19 1SB",,
Grwp Llandrillo Menai,01492 546666,www.gllm.ac.uk,10007820,10007820,https://www.gllm.ac.uk/student-life/student-union,"Llandudno Road, Rhos On Sea, Colwyn Bay, Clwyd, LL28 4HZ",Coleg Llandrillo,Coleg Menai###Coleg Meirion-Dwyfor
Edge Hill University,01695 575171,www.edgehill.ac.uk,10007823,10007823,https://www.edgehillsu.org.uk/,"St. Helens Road, Ormskirk, Lancashire, L39 4QP",,
Guildhall School of Music & Drama,020 7628 2571,www.gsmd.ac.uk,10007825,10007825,https://www.gsmd.ac.uk/life-at-the-school/students-union,"Silk Street Barbican, London, EC2Y 8DT",,
Birmingham Newman University,01214 761181,www.newman.ac.uk,10007832,10007832,http://www.newmansu.org,"Genners Lane, Birmingham, B32 3NT",,
Glyndwr University,01978 290666,www.glyndwr.ac.uk,10007833,10007833,https://www.wrexhamglyndwrsu.org.uk/,"Glyndwr University, Plas Coch, Mold Road, Wrexham, Clwyd, LL11 2AW",,
Pembrokeshire College,01437 753000,www.pembrokeshire.ac.uk,10007834,10007858,http://www.tsdsu.co.uk/,"Merlins Bridge, Haverfordwest, Dyfed, SA61 1SZ",,
The Royal Academy of Music,020 7873 7373,www.ram.ac.uk,10007835,10007835,https://www.ram.ac.uk/student-life/students-union,"Marylebone Road, London, NW1 5HT",,
Royal Northern College of Music,01619 075200,www.rncm.ac.uk,10007837,10007837,https://www.rncm.ac.uk/study-here/students-union/,"124, Oxford Road, Manchester, M13 9RD",,
Sae Education Limited,,www.sae.edu,10007839,10035638,https://www.nus.org.uk,"Georgia House, 38 Pall Mall, Liverpool, L3 6AL",SAE Institute Ltd,
The University of Cumbria,0808 178 7373,www.cumbria.ac.uk,10007842,10007842,http://www.ucsu.me,"Fusehill Street, Carlisle, CA1 2HH",,
"St Mary's University, Twickenham",020 8240 4000,www.stmarys.ac.uk,10007843,10007843,http://www.stmaryssu.co.uk/,"Waldegrave Road, Twickenham, TW1 4SX",,
University of Chester,01244 511000,www.chester.ac.uk,10007848,10007848,http://www.chestersu.com/,"Parkgate Road, Chester, CH1 4BJ",,
Abertay University,01382 308000,www.abertay.ac.uk,10007849,10007849,https://www.abertaysa.com,"Kydd Building 40, Bell Street, Dundee, DD1 1HG",,
The University of Bath,01225 388 388,www.bath.ac.uk,10007850,10007850,http://www.bathstudent.com/,"Claverton Down, Bath, BA2 7AY",University of Bath,The University of Bath
University of Derby,01332 590500,www.derby.ac.uk,10007851,10007851,http://www.derbyunion.co.uk/,"Kedleston Road, Derby, DE22 1GB",,
University of Dundee,01382 344000,www.dundee.ac.uk,10007852,10007852,https://www.dusa.co.uk/,"Perth Road, Dundee, DD1 4HN",,
Cardiff Metropolitan University,0292 041 6072,www.cardiffmet.ac.uk,10007854,10007854,http://www.cardiffmetsu.co.uk/,"Western Avenue, Cardiff, CF5 2YB",,
Swansea University,01792 205678,www.swan.ac.uk,10007855,10007855,https://www.swansea-union.co.uk/,"Singleton Park, Swansea, West Glamorgan, SA2 8PP",,
Prifysgol Aberystwyth,1970622037,www.aber.ac.uk,10007856,10007856,http://www.abersu.co.uk/,"Visualisation Centre, Penglais, Aberystwyth, Dyfed, SY23 3BF",Aberystwyth University,
Bangor University,01248 382776,www.bangor.ac.uk,10007857,10007857,https://www.undebbangor.com/,"College Road, Bangor, Gwynedd, LL57 2DG",,
University of Wales: Trinity Saint David,01267 676767,www.uwtsd.ac.uk,10007858,10007858,http://www.tsdsu.co.uk/,"College Road, Carmarthen, SA31 3EP",,
Warwickshire College,0330 135 6940,https://wcg.ac.uk,10007859,10007859,https://wcg.ac.uk/su/,"Warwick New Road, Royal Leamington Spa, Warwickshire, CV32 5JE",,
Cliff College,01246 584200,www.cliffcollege.ac.uk,10007912,10007912,https://cliffcollege.ac.uk/study/community-life,"Calver, Hope Valley, Derbyshire, S32 3XG",,
Dudley College of Technology,01384 363000,www.dudleycol.ac.uk,10007924,10007924,http://www.dudley.ac.uk/,"The Broadway, Dudley, West Midlands, DY1 4AS",,
South Hampshire College Group,01329 815200,www.shcg.ac.uk,10007928,10007155,https://upsu.net/,"Bishopsfield Road, Fareham, Hampshire, PO14 1NH",,
Tec Partnership,01472 311222,https://tecpartnership.com,10007938,10007938,https://grimsby.ac.uk/degree-level/student-information-and-support/,"Nuns Corner, Laceby Road, Grimsby, DN34 5BQ",,
Heart of Worcestershire College,0844 880 2500,www.howcollege.ac.uk,10007977,10007977,http://www.howcollege.ac.uk,"Peakman Campus, Peakman Street, Redditch, B98 8DW",,
Stranmillis University College,028 9038 1271,www.stran.ac.uk,10008010,10008010,https://www.stran.ac.uk/student-life/students-union/,"Stranmillis Road, Belfast, BT9 5DY",,
Trinity Laban Conservatoire of Music and Dance,020 8305 4300,www.trinitylaban.ac.uk,10008017,10008017,https://www.trinitylaban.ac.uk/student-life,"King Charles Court, Old Royal Naval College King William Walk, London, SE10 9JF",,
St Mary's University College,028 9032 7678,www.stmarys-belfast.ac.uk,10008026,10008026,https://www.stmarys-belfast.ac.uk/college-life/students-union/,"191, Falls Road, Belfast, BT12 6FE",,
Architectural Association (Incorporated),020 7887 4000,www.aaschool.ac.uk,10008071,10008071,,"36-37, Bedford Square, London, WC1B 3ES",AA School of Architecture,Architectural Association School of Architecture###AA
Bridgend College of Technology,01656 302302,www.bridgend.ac.uk,10008119,10007793,https://www.uswsu.com/,"Cowbridge Road, Bridgend, Mid Glamorgan, CF31 3DF",BRIDGEND COLLEGE,
Bridgend College of Technology,01656 302302,www.bridgend.ac.uk,10008119,10007854,http://www.cardiffmetsu.co.uk/,"Cowbridge Road, Bridgend, Mid Glamorgan, CF31 3DF",BRIDGEND COLLEGE,
University College of Estate Management,0118 921 4696,www.ucem.ac.uk,10008173,10008173,https://www.nus.org.uk/,"60, Queens Road, Reading, RG1 4BS",,
London School of Science & Technology Limited,020 8795 3863,www.lsst.com,10008362,10000975,http://www.bucksstudentsunion.org/,"Alperton House, Bridgewater Road, Wembley, Middlesex, HA0 1EH",,
Norland College Limited,01225 466202,www.norland.co.uk,10008397,10008397,https://nus.org.uk,"York Place London Road, Bath, BA1 6AE",Norland College,
Rtc Education Ltd,020 8966 9900,www.regentgroup.org.uk,10008455,10006841,http://www.boltonsu.com/,"167, Imperial Drive, Harrow, Middlesex, HA2 7HD",,
Rtc Education Ltd,020 8966 9900,www.regentgroup.org.uk,10008455,10007843,http://www.stmaryssu.co.uk/,"167, Imperial Drive, Harrow, Middlesex, HA2 7HD",,
Rtc Education Ltd,020 8966 9900,www.regentgroup.org.uk,10008455,10008455,https://www.rcl.ac.uk/studying-at-regent/student-support/national-union-of-students-nus/,"167, Imperial Drive, Harrow, Middlesex, HA2 7HD",,
Coleg Sir Gar,01554 748000,www.colegsirgar.ac.uk,10008634,10007858,http://www.tsdsu.co.uk/,"Graig Campus, Sandy Road, Llanelli, Dyfed, SA15 4DN",,
Falmouth University,01326 211 077,www.falmouth.ac.uk,10008640,10008640,http://www.thesu.org.uk,"The Creative Bridge, Penryn Campus, Penryn, TR10 9FE",,
St. Piran's School (Gb) Limited,020 7357 0077,www.lsclondon.co.uk,10008653,10014001,http://www.uosunion.org/,"Chaucer House, White Hart Yard, London, SE1 1NX",LONDON SCHOOL OF COMMERCE,
Northern School of Contemporary Dance,01132 193000,www.nscd.ac.uk,10008816,10008816,https://www.nscd.ac.uk/student-union/,"98, Chapeltown Road, Leeds, LS7 4BH",,
Coleg Gwent,01495 333333,www.coleggwent.ac.uk,10008912,10007854,http://www.cardiffmetsu.co.uk/,"The Rhadyr, Usk, Gwent, NP15 1XJ",,
Coleg Gwent,01495 333333,www.coleggwent.ac.uk,10008912,10008912,https://www.coleggwent.ac.uk/life-at-coleg-gwent/student-life/students-union,"The Rhadyr, Usk, Gwent, NP15 1XJ",,
Coleg Y Cymoedd,01443 662800,www.morgannwg.ac.uk,10008914,10007793,https://www.uswsu.com/,"Unit 1, Heol Yr Odyn Parc Nantgarw, Nantgarw, Cardiff, CF15 7QX",,
Education for Industry Group,020 7307 2340,www.fashionretailacademy.ac.uk,10009213,10008640,http://www.thesu.org.uk,,Fashion Retail Academy,
Royal Academy of Dramatic Art,020 7636 7076,www.rada.org,10009292,10009292,https://www.rada.ac.uk/student-life/,"62-64, Gower Street, London, WC1E 6ED",,
Stanmore College,020 8420 7700,www.stanmore.ac.uk,10009439,10006566,http://www.uwlsu.com,"Elm Park, Stanmore, Middlesex, HA7 4BQ",,
Istituto Marangoni Limited,020 7377 9347,www.istitutomarangoni.com,10009527,10009527,https://www.istitutomarangoni.com/en/schools/london-school-of-fashion-and-design,"30, Fashion Street, London, E1 6PX",,
Luther King House Educational Trust,0161 249 2540,www.lutherkinghouse.org.uk,10009612,10009612,https://www.lutherking.ac.uk/community/student-body,"Brighton Grove, Manchester, M14 5JP",,
Neath Port Talbot College,01639 648000,www.nptcgroup.ac.uk,10009614,10007858,http://www.tsdsu.co.uk/,"Dwr Y Felin Road, Neath, West Glamorgan, SA10 7RF",Grwp NPTC Group,
Neath Port Talbot College,01639 648000,www.nptcgroup.ac.uk,10009614,10009614,https://www.nptcgroup.ac.uk/student-zone/student-union/,"Dwr Y Felin Road, Neath, West Glamorgan, SA10 7RF",Grwp NPTC Group,
Inter-Ed Uk Limited,020 7253 1133,www.citycollege.ac.uk,10010213,10010213,https://citycollege.ac.uk/,"University House 53-55, East Road, London, N1 6AH",The City College,
Cambridge Arts & Sciences Limited,01223 314431,www.csvpa.com,10010308,10010308,https://www.nus.org.uk/,"12, Round Church Street, Cambridge, CB5 8AD",Cambridge School of Visual and Performing Arts,
Spirit Ssr Limited,0161 276 2100,spiritstudios.ac.uk,10010457,10007141,http://www.uclansu.co.uk/,"Spirit Studios, 65-69, Downing Street, Manchester, M1 7JE",Spirit Studios,
Midlands Academy of Dance & Drama Limited,0115 911 0401,www.maddcollege.co.uk,10010822,10003010,https://www.coventrycollege.ac.uk/student-societies/students-union/,"428, Carlton Hill, Carlton, Nottingham, NG4 1JA",Midlands Academy Of Dance And Drama,
London Bridge Business Academy Limited,020 7378 1000,,10013109,10013109,https://lbbaglobal.com/student-support,"53 Farringdon Road, London, EC1M 3JB",London Bridge Business Academy,
University of Suffolk,01473 338000,www.uos.ac.uk,10014001,10014001,http://www.uosunion.org/,"Waterfront Building, 19-21 Neptune Quay, Ipswich, IP4 1QJ",University of Suffolk,UCS
Uck Limited,020 7243 4000,www.lcuck.ac.uk,10015506,10015506,https://www.nus.org.uk/en/who-we-are/,"680, Bath Road, Hounslow, TW5 9QX",The London College,
David Game College Ltd,020 7221 6665,,10015688,10000975,http://www.bucksstudentsunion.org/,"31, Jewry Street, London, EC3N 2ET",,
David Game College Ltd,020 7221 6665,,10015688,10015688,,"31, Jewry Street, London, EC3N 2ET",,
Point Blank Limited,020 7729 4884,www.pointblankmusicschool.com,10019178,10019178,https://www.pointblankmusicschool.com/quality-and-governance-uk/student-feedback-and-enhancement,"23-28, Penn Street, London, N1 5DL",Point Blank Music School,
Commonwealth College of Excellence Ltd,020 8341 7900,,10020038,10020038,https://cce.ac.uk,"507, Green Lanes, London, N4 1AL",,
Higher Rhythm Limited,01302 327769,www.higherrhythm.co.uk,10020118,10020118,,"53-57, Nether Hall Road, Doncaster, South Yorkshire, DN1 2PG",Higher Rhythm,
Assemblies of God Incorporated,01777 817663,www.missiodei.ac.uk,10020416,10020416,https://www.nus.org.uk,,,
Oxford Business College Uk Limited,01865 791908,www.oxfordbusinesscollege.ac.uk,10020439,10000975,http://www.bucksstudentsunion.org/,"65, George Street, Oxford, OX1 2BQ",Oxford Business College,
Nova Centric Limited,0115 993 2321,www.confettistudios.com,10020858,10004797,http://www.trentstudents.org,"6-10, Convent Street, Nottingham, NG1 3LL",,
Elim Foursquare Gospel Alliance,0345 302 6750,www.regents-tc.ac.uk,10021100,10021100,http://www.regents-tc.ac.uk/student-support/,"De Walden Road, Malvern, Worcestershire, WR14 4DF",Regents Theological College,
Centre for Alternative Technology Charity Limited,01654 705973,www.cat.org.uk,10021550,10021550,,"Llwyngwern Quarry, Pantperthog, Machynlleth, Powys, SY20 9AZ",Centre for Alternative Technology,
Kaplan Open Learning (Essex) Limited,,www.online.essex.ac.uk,10021682,10021682,https://www.essexstudent.com/,"City Exchange, 4th Floor, Albion Street, Leeds, LS1 5AT",,
London School of Osteopathy,020 7237 1422,www.lso.ac.uk,10022022,10000291,https://www.angliastudent.com,"Grange Centre 12, Grange Road, London, SE1 3BE",,
Empire College London Limited,020 8553 2683,www.ecl.ac,10022047,10022047,https://ecl.ac/student-support-and-welfare/,"16-20, Clements Road, Ilford, Essex, IG1 1BA",,
Futureworks Training Limited,01612 144600,futureworks.ac.uk,10022087,10022087,https://www.uclansu.co.uk/,"Riverside Building, New Bailey Street, Salford, M3 5FS",Futureworks,
London School of Management Education Limited,020 8594 8462,www.lsme.ac.uk,10022285,10022285,https://lsme.ac.uk/students/student-engagement,"Cambrian House, 509- 511 , Cranbrook Road, Gants Hill, Essex, IG2 6EY",London School of Management Education,
Lte Group,03333 222444,www.themanchestercollege.ac.uk,10023139,10023139,https://ucenmcr.tmc.ac.uk/life/student-union,"Ashton Old Road, Manchester, M11 2WH",The Manchester College,UCEN Manchester
London School of Commerce & It Limited,07782 138416,www.lsci.org.uk,10023434,10000975,http://www.bucksstudentsunion.org/,"59-66, Greenfield Road, London, E1 1EJ",,
London School of Commerce & It Limited,07782 138416,www.lsci.org.uk,10023434,10023434,https://lsci.org.uk/student-support/student-union/,"59-66, Greenfield Road, London, E1 1EJ",,
The College of Osteopaths,020 8905 1937,www.collegeofosteopaths.ac.uk,10023442,10023442,,"13, Furzehill Road, Borehamwood, Hertfordshire, WD6 2DG",,
The Markfield Institute of Higher Education,01530 244922,www.mihe.org.uk,10023452,10023452,,"Ratby Lane, Markfield, Leicestershire, LE67 9SY",,
Matrix College of Counselling and Psychotherapy Ltd,01953 797160,www.matrix.ac.uk,10023453,10023453,https://matrix.ac.uk/programme-information/,,,
Moorlands College,01425 674500,www.moorlands.ac.uk,10023454,10023454,https://www.moorlands.ac.uk/study-with-us/why-study-at-moorlands/college-life/,"Sopley, Christchurch, Dorset, BH23 7AT",,
Newbold College,01344 407407,,10023456,10023456,https://www.newbold.ac.uk/community-life/student-life/,"St. Marks Road, Binfield, Bracknell, Berkshire, RG42 4AN",,
The Sherwood Psychotherapy Training Institute Limited,01158 447904,www.spti.net,10023458,10023458,http://www.staffsunion.com/,"2, St. James's Terrace, Nottingham, NG1 6FW",The Sherwood Institute,
Trinity College (Bristol) Limited,0117 968 2803,www.trinity-bris.ac.uk,10023464,10023464,https://www.trinitycollegebristol.ac.uk/study/why-trinity/,"Stoke Hill, Bristol, BS9 1JP",Trinity College Bristol,
South Staffordshire College,01785 712209,www.southstaffs.ac.uk,10023526,10006299,https://www.staffsunion.com/,"Rodbaston Hall, Penkridge, Staffordshire, ST19 5PH",,
Mont Rose College of Management and Sciences Limited,020 8556 5009,www.mrcollege.ac.uk,10023777,10000975,http://www.bucksstudentsunion.org/,"267, Cranbrook Road, Ilford, Essex, IG1 4TG",,
Mont Rose College of Management and Sciences Limited,020 8556 5009,www.mrcollege.ac.uk,10023777,10023777,http://mrsu.uk/,"267, Cranbrook Road, Ilford, Essex, IG1 4TG",,
Results Consortium Limited,07404 635969,www.resultsco.org.uk,10023871,10023871,https://www.resultsco.org.uk/support-services,"London East-Uk Business Technology Park, Yewtree Avenue, Dagenham , Essex, RM10 7FN",,
Central Film School London Ltd,020 7377 6060 ,www.centralfilmschool.com,10024024,10024024,https://centralfilmschool.com/student-council-terms-of-reference/,"Central Film School , London, SW9 9PH",Central Film School London,
Union Foundation,01656 645411,,10024766,10024766,https://www.ust.ac.uk/students/wellbeing,"Union Foundation, Union School Of Theology, Bryntirion House, Bryntirion, Bridgend, Mid Glamorgan, CF31 4DX",Union,Union School of Theology
Luminate Education Group,0113 386 1997,www.leedscitycollege.ac.uk,10024962,10024962,http://www.lccsu.co.uk/,"Park Lane Campus, Park Lane, Leeds",,
University Centre Quayside Limited,3300048470,www.ucq.ac.uk,10025197,10025197,,"Newcastle Enterprise Centres Quayside, Albion Row, Newcastle Upon Tyne, NE6 1LL",University Centre Quayside (UCQ),
Christ the Redeemer College,020 84294356,www.christredeemer.ac.uk,10026921,10026921,https://christredeemer.ac.uk,"23 Village Way East, Harrow, HA2 7LX",,
Stageworks Productions Limited,0207 253 3118,,10027603,10027603,,"68 Wallis Road, London, E9 5LH",International College of Musical Theatre - The ICMT,
Ld Training Services Limited,020 7998 3655,www.ldtraining.ac.uk,10027803,10014001,http://www.uosunion.org/,"Stanmore Business & Innovation Centre, Howard Road, Stanmore, HA7 1FW",,
Brit College Limited,020 7488 9500,www.britcollege.org.uk,10028216,10028216,https://www.britcollege.ac.uk,"602, Commercial Road, London, E14 7HS",Brit College,
Irshad Trust,7703009435,www.islamic-college.ac.uk,10029682,10029682,https://www.islamic-college.ac.uk/,"133, High Road, London, NW10 2SW",The Islamic College,
Nelson College London Limited,020 8514 0033,www.nelsoncollege.ac.uk,10030129,10030129,https://nelsoncollege.ac.uk/student-information/support,"28-42, Olympic House , Clements Road, Ilford, Essex, IG1 1BA",,
London Churchill College Ltd,020 7377 1077,www.londonchurchillcollege.ac.uk,10030391,10030391,https://lcc.ac.uk/student-support/,"Barclay Hall, 156b , Green Street, London, E7 8JQ",London Churchill College,
Gower College Swansea,01792 284000,www.swancoll.ac.uk,10030408,10007854,http://www.cardiffmetsu.co.uk/,"Tycoch Road, Sketty, Swansea, SA2 9EB",,
Gower College Swansea,01792 284000,www.swancoll.ac.uk,10030408,10007858,http://www.tsdsu.co.uk/,"Tycoch Road, Sketty, Swansea, SA2 9EB",,
Gower College Swansea,01792 284000,www.swancoll.ac.uk,10030408,10030408,https://gcs.ac.uk/courses/higher-education,"Tycoch Road, Sketty, Swansea, SA2 9EB",,
Anglo Skills College Limited,0115 948 3339,,10030497,10030497,,"The Hub 40, Friar Lane, Nottingham, NG1 6DQ",,
St Mellitus College Trust,020 7052 0573,www.stmellitus.ac.uk,10030776,10030776,https://stmellitus.ac.uk/contact,"24, Collingham Road, London, SW5 0LX",St Mellitus College,
Liverpool Media Academy Limited,0151 922 7771,,10031239,10031239,,"Pacific Chambers, 11-13 Victoria Street, Liverpool, L2 5QQ",LMA,
Academy of Music & Sound Ltd,01803 299600,www.academyofmusic.ac.uk,10031419,10006566,http://www.uwlsu.com,"2, Westview Road, Marldon, Paignton, Devon, TQ3 1NG",,
Bpp University Limited,0845 077 5566,www.bppuniversity.ac.uk,10031982,10031982,http://www.bppstudents.com,"Aldine House 142-144, Uxbridge Road, London, W12 8AA",BPP University,
Amity Global Education Ltd,020 7631 0190,www.amitylondon.org.uk,10032036,10032036,https://www.amity.ac.uk/student-committee,"24, Bedford Square, London, WC1B 3HN",,
The Cambridge theological Federation,01223 741055,www.theofed.cam.ac.uk,10032072,10032072,https://www.theofed.cam.ac.uk/student-union/,"2 The Bounds, Lady Margaret Road, Cambridge, CB3 0BJ",,
The Queen's Foundation for Ecumenical theological Education,0121 454 1527,www.queens.ac.uk,10032282,10032282,https://www.queens.ac.uk/community-life/student-involvement/,"Somerset Road, Edgbaston, Birmingham, B15 2QH",,
The Edward James Foundation Limited,01243 811301,www.westdean.org.uk,10032288,10032288,https://www.nus.org.uk/,"West Dean Park, Chichester, West Sussex, PO18 0QZ",West Dean College,
Bodmin College,01208 72114,,10032351,10008640,http://www.thesu.org.uk,"Lostwithiel Road, Bodmin, Cornwall, PL31 1DD",,
Court Theatre Training Company Ltd,020 7739 6868,http://www.courttheatre.org.uk ,10034324,10034324,https://www.bucksstudentsunion.org/,"40, Pitfield Street, London, N1 6EU",,
Leeds Conservatoire,0113 222 3400,www.lcm.ac.uk,10034449,10034449,https://www.leedsconservatoire.ac.uk/student-life/students-union-societies/,"3, Quarry Hill, Leeds, LS2 7PD",,
Cardiff and Vale College,01446 725088,www.cavc.ac.uk,10034450,10006566,http://www.uwlsu.com,"Dumballs Road, Cardiff, CF10 5FE",,
Cardiff and Vale College,01446 725088,www.cavc.ac.uk,10034450,10007854,http://www.cardiffmetsu.co.uk/,"Dumballs Road, Cardiff, CF10 5FE",,
Cardiff and Vale College,01446 725088,www.cavc.ac.uk,10034450,10034450,,"Dumballs Road, Cardiff, CF10 5FE",,
Icmp Management Limited,020 7328 0222,,10035638,10035638,https://www.nus.org.uk,"1b, Dyne Road, London, NW6 7XG",Institute of Contemporary Music Performance,ICMP
South Gloucestershire and Stroud College,01453 763424,,10036143,10036143,https://uni.sgscol.ac.uk/,"Stratford Road, Stroud, GL5 4AH",,
Academy of Live Technology Ltd,01977 659880,,10036456,10036456,,"53, Lidgate Crescent, Langthwaite Grange Ind Estate South Kirkby, Pontefract, West Yorkshire, WF9 3NR",,
Qahe (Ulst) Limited,020 7656 8490,http://www.qahighereducation.com/university-of-ulster.html,10037353,10007807,http://www.uusu.org/,"St. James House 10, Rosebery Avenue, London, EC1R 4TF",,
Cecos Computing International Limited,020 7359 3316,,10037364,10006299,https://www.staffsunion.com/,"Cecos House, 2-12 Beaumont Grove, Stepney Green, London, E1 4NQ",,
University of St Mark & St John,01752 636755,www.marjon.ac.uk,10037449,10037449,https://www.marjon.ac.uk/msu/,"Derriford Road, Derriford, Plymouth, PL6 8BH",Plymouth Marjon University,
Bimm University Limited,0844 264 6666,www.bimm.ac.uk,10037544,10037544,https://www.bimm.ac.uk/student-association/,"2 Bartholomews, Brighton, BN1 1HG",BIMM University,BIMM Institute###Institute of Contemporary Theatre###Northern Ballet School###Performers College###Screen & Film School
Everton Free School,0151 252 1515,,10037850,10003957,http://www.jmsu.co.uk,"Roscoe Street, Liverpool, L1 9DW",,
The Addict Dance Academy Ltd,0116 319 2490,,10038034,10006566,http://www.uwlsu.com,"8, Heathfield Road, Wigston, Leicestershire, LE18 1JR",,
British Academy of Jewellery Limited,020 7405 0197,,10038772,10038772,https://baj.ac.uk/frequently-asked-questions/,"Langdales 5, St. Cross Street, London, EC1N 8UA",British Academy of Jewellery,
City and Guilds of London Art School Limited,020 7091 1681,www.cityandguildsartschool.ac.uk,10039082,10039082,https://www.cityandguildsartschool.ac.uk/about-us/student-life-and-experience-2/,"118-124, Kennington Park Road, London, SE11 4DJ",City and Guilds of London Art School,
The University of Law Limited,0800 289 997,www.law.ac.uk,10039956,10039956,https://studentsunion.law.ac.uk/,"Braboeuf Manor, Portsmouth Road, Guildford, Surrey, GU3 1HA",The University of Law,
Birmingham Community Healthcare Nhs Foundation Trust,01214 666438,,10039958,10006840,https://www.guildofstudents.com,"Moseley Hall Hospital, Alcester Road, Birmingham, B13 8JL",Birmingham Community NHS Trust,
Harper Adams University,01952 820280,www.harper-adams.ac.uk,10040812,10040812,http://www.harpersu.com,"Edgmond, Newport, Shropshire, TF10 8NB",,
Coleg Cambria,03003 030007,www.cambria.ac.uk,10041295,10041295,https://www.cambria.ac.uk/our-courses/?search=lp50200&study=,"Grove Park Road, Wrexham , LL12 7AB",,
Shockout Arts Ltd,0161 833 9937,,10041563,10006841,http://www.boltonsu.com/,"25, Church Street, Manchester, M4 1PE",Shockout Arts,
Hy Education Limited,2077081888,www.apexcollege.ac.uk,10041898,10041898,https://apexcollege.ac.uk/,"Manor House, First Floor , 224-236 Walworth Road, London, SE17 1JE",Apex College,
Wilkes Academy Limited,01793 840244,,10042239,10006299,https://www.staffsunion.com/,"35, Westgate, Huddersfield, HD1 1NY",Wilkes Academy Ltd,
Global Banking School Limited,020 7539 3548,,10042500,10004930,https://www.brookesunion.org.uk/,"Horsenden House, 891 Greenford Road, Greenford, UB6 0HE",,
Global Banking School Limited,020 7539 3548,,10042500,10042500,,"Horsenden House, 891 Greenford Road, Greenford, UB6 0HE",,
Aap Education Limited,020 3441 1303,www.escapestudios.ac.uk,10042570,10042570,https://www.escapestudios.ac.uk/why-escape-studios/student-life/,"Escape Studios, 10th Floor, 6 Mitre Passage, London, SE10 0ER",Escape Studios,
International Business College Manchester Limited,0161 228 3607,www.internationalbusinesscollege.co.uk,10042679,10042679,https://www.internationalbusinesscollege.co.uk/,"55, Mosley Street, Manchester, M2 3HQ",International Business College Manchester Ltd,
Uk Business College Ltd,020 8902 9888,,10042737,10042737,https://ukbusinesscollege.org/student-union/,"97-99, Park Street, Luton, LU1 3HG",,
University Campus of Football Business Limited,01282 833460,,10043164,10007144,https://www.uelunion.org/,"National Squash Centre, Rowsley Street, Manchester, M11 3FF",,
Met Film School Limited,020 8832 1924,,10045476,10037544,https://www.bimm.ac.uk/student-association/,"Ealing Studios, Ealing Green, London, W5 5EP",,
Met Film School Limited,020 8832 1924,,10045476,10045476,https://www.metfilmschool.ac.uk/student-senate/,"Ealing Studios, Ealing Green, London, W5 5EP",,
Iron Mill Education Limited,01392 219200,www.ironmill.co.uk,10045793,10007139,http://www.worcsu.com,"7, Barnfield Crescent, Exeter, EX1 1QT",Iron Mill College,
Ballet Theatre Uk Limited,07944 832524,,10046386,10006566,http://www.uwlsu.com,"Hillside Bungalow, Leicester Road, Hinckley, LE10 3DR",,
Elizabeth School of London Limited,0207 0590 489,,10047572,10007843,http://www.stmaryssu.co.uk/,"7 Whitechapel Road, London, E1 1DU",,
Northeastern University - London,020 3994 4413,www.nulondon.ac.uk,10048199,10048199,https://www.nchsu.org/,"Devon House, 58 St Katherine's Way, London, E1W 1LP",Northeastern University London,
Brs Education Limited,01638 665103,,10048409,10080811,https://hsu.unioncloud.org/,,The British Racing School,
London College of Contemporary Arts Ltd,020 3535 1155,,10052868,10006427,https://ucasu.com/,"Belmont House, Station Way, Crawley, West Sussex, RH10 1JA",,
Black Mountain Activities Limited,01497 847897,,10055842,10007854,http://www.cardiffmetsu.co.uk/,"Outdoor Pursuits Centre, Three Cocks, Brecon, Powys, LD3 0SD",Black Mountain Activities,
Numerica Risk Management and Consulting Ltd,020 7078 7029,www.sirm.ac.uk,10057622,10057622,,"Ilford Chambers, 11 Chapel Road, Ilford, IG1 2DR",The School of Information Risk Management,
Whitefield Academy Trust,,,10060725,10007146,,"Whitefield School, London, E17 4AZ",WHITEFIELD ACADEMY TRUST (Academy Trust),
Raindance Educational Services Limited,07957 938888,www.raindance.org,10062833,10062833,https://raindance.ac.uk/student-life,"10a, Craven Street, London, WC2N 5PE",Raindance,
City of Stoke-On-Trent Sixth Form College,01782 848736,,10065146,10006299,https://www.staffsunion.com/,"Sixth Form College, Leek Road, Stoke-On-Trent, ST4 2RU",,
Paris Dauphine International,7960360679,,10066143,10066143,https://london.dauphine.psl.eu/student-life/student-societies,"46-52, Pentonville Road, London, N1 9HF",Universite Paris Dauphine London campus,Dauphine London
Performance Preparation Academy Limited,07931 902296,,10066270,10001883,https://www.demontfortsu.com/,"Deacon Field, Guildford Industrial Estate, Guildford, GU2 8YT",,
The College of Health Ltd,07411 183702,,10066502,10066502,https://mctimoney-college.ac.uk/apply/information-for-students/,,The McTimoney College of Chiropractic,
Lccm Au Uk Limited,020 3535 1080,,10066551,10006427,https://ucasu.com/,"Lccm, Music Box, 241 Union Street, Lccm, London, SE1 0LR",London College of Contemporary Music (LCCM),
Dyson Technical Training Limited,01285 705228,,10067355,10067355,https://www.dysoninstitute.ac.uk/undergraduate/the-experience/student-life/,"Tetbury Hill, Malmesbury, SN16 0RP",Dyson Institute of Engineering and Technology,
New Model Institute for Technology and Engineering,01432 371 111,,10067406,10067406,https://nmite.ac.uk/study/life-nmite/student-voice,"Blackfriars Street, Hereford, HR4 9HS",,
Jsa Education Group Ltd.,0207 1579828,www.jca.ac.uk,10067601,10067601,https://jca.ac.uk/academy-experience,"20 Hanover Square, Mayfair, London, W1S 1JY",JCA | London Fashion Academy,
The London Interdisciplinary School Ltd,07720 410243,www.t-lis.org,10067623,10067623,,"20-30 Whitechapel Rd, London, E1 1EW",London Interdisciplinary School,LIS
University Academy 92 Limited,0161 507 1992,www.ua92.ac.uk,10067648,10007768,https://portal.lancaster.ac.uk/ask/students-union/,"Brian Statham Way, Old Trafford, Stretford, Manchester, M16 0PU",UA92,
Acm Guildford Limited,,,10067853,10067853,https://www.acm.ac.uk/student-services/,,ACM,
Hartpury University,01452 702 100,,10080811,10080811,https://hsu.unioncloud.org/,"Hartpury House, Hartpury, Gloucester, GL19 3BE",Hartpury University,
Momentum Performing Arts Academy Ltd,2039507535,www.momentumpaa.com,10082316,10006566,http://www.uwlsu.com,"154, High Street, Bushey, London, WD23 3DH",,
Ashton Sixth Form College,0161 330 2330,,10082366,10006299,https://www.staffsunion.com/,"Darnton Road, Ashton-Under-Lyne, OL6 9RL",,
The Engineering and Design Institute London,,,10083403,10083403,https://www.kclsu.org/,,,
Screenology C.I.C.,0117 325 3007,,10084788,10037449,https://www.marjon.ac.uk/msu/,"St. Vincent Works, Silverthorne Lane, Bristol, BS2 0QD",,
"Cwsh, Cws & College of Esports Limited",7887634604,,10084822,10000936,https://www.uco.ac.uk/life-uco/student-life/students-union,"51 Abercrombie Road, London, E20 3AB",,
Dancebox Theatre Works,,,10084951,10000975,http://www.bucksstudentsunion.org/,,Dancebox Studios & Theatre Works,
Waterbear Education Ltd,01273 726230,www.waterbear.org.uk,10085293,10008640,http://www.thesu.org.uk,"Hanover House, 118 Queens Road, Brighton, BN1 3XG",WaterBear - The College of Music,
Skyborne Aviation Training Limited,01452 937020,www.skyborne.com,10085530,10006566,http://www.uwlsu.com,"Skypark Flight Centre, Gloucestershire Airport, Cheltenham, Gloucester, GL51 6SR",Skyborne Airline Academy,
Fourth Monkey Education Limited,,,10086107,10008640,http://www.thesu.org.uk,"97-101, Seven Sisters Road, London, N7 7QP",,
Caspian School of Academics Ltd,7960419724,,10086359,10086359,https://caspianschool.ac.uk/student-life/,"Olympic House, 28 - 42 Clements Road, Ilford, IG1 1BA",Caspian School of Academics,
Regent's University London Limited,2075976135,,10086591,10086591,https://www.regents.ac.uk/information/for-current-students/student-union,"Regents Park, Inner Circle, London, NW1 4NS",Regent's University,
Qahe (Lm) Limited,020 7656 8450,,10087170,10004048,https://www.londonmet.ac.uk/,"International House, 1 St. Katharines Way, London, E1W 1UN",,
S P Jain London School of Management Limited,2074860111,,10088214,10088214,,"16 Great Queen Street, London, WC2B 5AH",,
Dbs Music Holdings Limited,7963728035,,10088321,10008640,http://www.thesu.org.uk,"26 Hulme Street, Manchester, M1 5BW",dBs Music,dBs Sound & Music Institute###dBs Plymouth###dBs Bristol###Deep Blue Sound###dBs Institute
Libf Limited,020 7444 7101,,10089591,10089591,,"7th & 8th Floor, Peninsular House, Monument Street, London, EC3R 8LJ",,
Representative Body of the Church in Wales,0,,10090767,10090767,https://www.stpadarns.ac.uk/en/courses/theology-life/,"2 Callaghan Square, Cardiff, CF10 5BT",St Padarn's,
Collective Acting Studio Ltd,7432438091,,10091065,10091065,,"Flat 11 Apollo Court, 188 High Street, London, E15 2FF",,
Harper and Keele Veterinary School,01952 820280,https://www.harperkeelevetschool.ac.uk/,90000451,90000451,https://www.harperkeelevetschool.ac.uk/about/428/6-reasons-to-study/,"Harper Adams University, Working In Collaboration With Keele University, Newport, TF10 8NB",,
Medway School of Pharmacy,01634 202935,https://msp.ac.uk/,99999997,99999997,https://www.greenwichsu.co.uk/,"The Universities Of Greenwich And Kent At Medway, Anson Building, Central Avenue, Chatham Maritime, Chatham, ME4 4TB",,
Hull York Medical School,01904 321690,www.hyms.ac.uk,99999998,99999998,http://www.yusu.org/,"University Of York, Heslington, York, YO10 5DD",,
Brighton and Sussex Medical School,01273 644644,https://www.bsms.ac.uk/index.aspx,99999999,99999999,https://www.bsms.ac.uk/living-here/bsms-medsoc.aspx,"Bsms Teaching Building, University Of Sussex, Falmer	, Brighton, BN1 9PX",,